Comment,Test,Validation,Training,Correct,AUC,MCC,F1,AVP,TPR,TNR,Prec,Rec,Confusion matrix,LR,Duration (s),Timestamp
0,AAs S:4 X:0_20,0,0,"[1, 2, 3, 4]",0.798,0.711,0.406,0.514,0.652,0.643,0.829,0.429,0.643,"[[232  48]
 [ 20  36]]","[0.01, 0.1, 0.01, 0.1, 0.005, 0.05, 0.001, 0.01]",19,2019-05-10 14:57:08.698638
0,AAs S:4 X:0_20,0,1,"[0, 2, 3, 4]",0.878,0.751,0.523,0.587,0.627,0.519,0.95,0.675,0.519,"[[247  13]
 [ 25  27]]","[0.01, 0.1, 0.01, 0.1, 0.005, 0.05, 0.001, 0.01]",37,2019-05-10 14:57:26.094925
0,AAs S:4 X:0_20,0,2,"[0, 1, 3, 4]",0.837,0.776,0.292,0.356,0.398,0.271,0.95,0.52,0.271,"[[228  12]
 [ 35  13]]","[0.01, 0.1, 0.01, 0.1, 0.005, 0.05, 0.001, 0.01]",55,2019-05-10 14:57:43.973636
0,AAs S:4 X:0_20,0,3,"[0, 1, 2, 4]",0.621,0.536,0.029,0.242,0.204,0.364,0.673,0.182,0.364,"[[148  72]
 [ 28  16]]","[0.01, 0.1, 0.01, 0.1, 0.005, 0.05, 0.001, 0.01]",73,2019-05-10 14:58:01.822403
0,AAs S:4 X:0_20,0,4,"[0, 1, 2, 3]",0.799,0.522,0.048,0.131,0.257,0.091,0.941,0.235,0.091,"[[207  13]
 [ 40   4]]","[0.01, 0.1, 0.01, 0.1, 0.005, 0.05, 0.001, 0.01]",91,2019-05-10 14:58:19.729061
0,AAs S:4 X:0_20,0,0,"[1, 2, 3, 4]",0.821,0.785,0.445,0.545,0.728,0.643,0.857,0.474,0.643,"[[240  40]
 [ 20  36]]","[0.01, 0.1, 0.01, 0.1, 0.005, 0.05, 0.001, 0.01]",19,2019-05-10 14:58:43.531640
0,AAs S:4 X:0_20,0,1,"[0, 2, 3, 4]",0.859,0.768,0.387,0.421,0.507,0.308,0.969,0.667,0.308,"[[252   8]
 [ 36  16]]","[0.01, 0.1, 0.01, 0.1, 0.005, 0.05, 0.001, 0.01]",36,2019-05-10 14:59:00.715673
0,AAs S:4 X:0_20,0,2,"[0, 1, 3, 4]",0.722,0.788,-0.158,0.0,0.318,0.0,0.867,0.0,0.0,"[[208  32]
 [ 48   0]]","[0.01, 0.1, 0.01, 0.1, 0.005, 0.05, 0.001, 0.01]",54,2019-05-10 14:59:17.861445
0,AAs S:4 X:0_20,0,3,"[0, 1, 2, 4]",0.788,0.716,0.434,0.533,0.426,0.727,0.8,0.421,0.727,"[[176  44]
 [ 12  32]]","[0.01, 0.1, 0.01, 0.1, 0.005, 0.05, 0.001, 0.01]",71,2019-05-10 14:59:35.119225
0,AAs S:4 X:0_20,0,4,"[0, 1, 2, 3]",0.727,0.567,-0.059,0.1,0.186,0.091,0.855,0.111,0.091,"[[188  32]
 [ 40   4]]","[0.01, 0.1, 0.01, 0.1, 0.005, 0.05, 0.001, 0.01]",89,2019-05-10 14:59:52.950784
0,AAs S:4 X:0_20,0,0,"[1, 2, 3, 4]",0.881,0.709,0.508,0.545,0.599,0.429,0.971,0.75,0.429,"[[272   8]
 [ 32  24]]","[0.01, 0.1, 0.01, 0.1, 0.005, 0.05, 0.001, 0.01]",20,2019-05-10 15:00:18.147550
0,AAs S:4 X:0_20,0,1,"[0, 2, 3, 4]",0.869,0.859,0.502,0.577,0.491,0.538,0.935,0.622,0.538,"[[243  17]
 [ 24  28]]","[0.01, 0.1, 0.01, 0.1, 0.005, 0.05, 0.001, 0.01]",37,2019-05-10 15:00:35.455288
0,AAs S:4 X:0_20,0,2,"[0, 1, 3, 4]",0.736,0.63,0.138,0.296,0.221,0.333,0.817,0.267,0.333,"[[196  44]
 [ 32  16]]","[0.01, 0.1, 0.01, 0.1, 0.005, 0.05, 0.001, 0.01]",54,2019-05-10 15:00:52.075191
0,AAs S:4 X:0_20,0,3,"[0, 1, 2, 4]",0.712,0.668,0.126,0.296,0.333,0.364,0.782,0.25,0.364,"[[172  48]
 [ 28  16]]","[0.01, 0.1, 0.01, 0.1, 0.005, 0.05, 0.001, 0.01]",71,2019-05-10 15:01:09.335711
0,AAs S:4 X:0_20,0,4,"[0, 1, 2, 3]",0.833,0.478,0.158,0.154,0.196,0.091,0.982,0.5,0.091,"[[216   4]
 [ 40   4]]","[0.01, 0.1, 0.01, 0.1, 0.005, 0.05, 0.001, 0.01]",88,2019-05-10 15:01:26.825266
0,AAs S:4 X:0_20,0,0,"[1, 2, 3, 4]",0.693,0.669,0.27,0.411,0.552,0.643,0.704,0.303,0.643,"[[197  83]
 [ 20  36]]","[0.01, 0.1, 0.01, 0.1, 0.005, 0.05, 0.001, 0.01]",20,2019-05-10 15:01:52.486508
0,AAs S:4 X:0_20,0,1,"[0, 2, 3, 4]",0.804,0.72,0.121,0.208,0.318,0.154,0.935,0.32,0.154,"[[243  17]
 [ 44   8]]","[0.01, 0.1, 0.01, 0.1, 0.005, 0.05, 0.001, 0.01]",37,2019-05-10 15:02:09.554593
0,AAs S:4 X:0_20,0,2,"[0, 1, 3, 4]",0.792,0.578,0.169,0.286,0.296,0.25,0.9,0.333,0.25,"[[216  24]
 [ 36  12]]","[0.01, 0.1, 0.01, 0.1, 0.005, 0.05, 0.001, 0.01]",55,2019-05-10 15:02:27.331589
0,AAs S:4 X:0_20,0,3,"[0, 1, 2, 4]",0.697,0.575,0.108,0.286,0.315,0.364,0.764,0.235,0.364,"[[168  52]
 [ 28  16]]","[0.01, 0.1, 0.01, 0.1, 0.005, 0.05, 0.001, 0.01]",72,2019-05-10 15:02:44.458785
0,AAs S:4 X:0_20,0,4,"[0, 1, 2, 3]",0.758,0.552,-0.022,0.111,0.261,0.091,0.891,0.143,0.091,"[[196  24]
 [ 40   4]]","[0.01, 0.1, 0.01, 0.1, 0.005, 0.05, 0.001, 0.01]",89,2019-05-10 15:03:01.730895
0,AAs S:4 X:0_20,0,0,"[1, 2, 3, 4]",0.798,0.757,0.406,0.514,0.561,0.643,0.829,0.429,0.643,"[[232  48]
 [ 20  36]]","[0.01, 0.1, 0.01, 0.1, 0.005, 0.05, 0.001, 0.01]",19,2019-05-10 15:03:26.751940
0,AAs S:4 X:0_20,0,1,"[0, 2, 3, 4]",0.811,0.724,0.303,0.416,0.484,0.404,0.892,0.429,0.404,"[[232  28]
 [ 31  21]]","[0.01, 0.1, 0.01, 0.1, 0.005, 0.05, 0.001, 0.01]",35,2019-05-10 15:03:42.859324
0,AAs S:4 X:0_20,0,2,"[0, 1, 3, 4]",0.833,0.797,0.0,0.0,0.322,0.0,1.0,,0.0,"[[240   0]
 [ 48   0]]","[0.01, 0.1, 0.01, 0.1, 0.005, 0.05, 0.001, 0.01]",53,2019-05-10 15:04:00.335346
0,AAs S:4 X:0_20,0,3,"[0, 1, 2, 4]",0.727,0.475,0.201,0.357,0.192,0.455,0.782,0.294,0.455,"[[172  48]
 [ 24  20]]","[0.01, 0.1, 0.01, 0.1, 0.005, 0.05, 0.001, 0.01]",70,2019-05-10 15:04:17.515235
0,AAs S:4 X:0_20,0,4,"[0, 1, 2, 3]",0.727,0.598,-0.059,0.1,0.274,0.091,0.855,0.111,0.091,"[[188  32]
 [ 40   4]]","[0.01, 0.1, 0.01, 0.1, 0.005, 0.05, 0.001, 0.01]",87,2019-05-10 15:04:34.464627
0,AAs S:4 X:0_20,0,0,"[1, 2, 3, 4]",0.762,0.75,0.354,0.474,0.523,0.643,0.786,0.375,0.643,"[[220  60]
 [ 20  36]]","[0.01, 0.1, 0.01, 0.1, 0.005, 0.05, 0.001, 0.01]",20,2019-05-10 15:04:59.553116
0,AAs S:4 X:0_20,0,1,"[0, 2, 3, 4]",0.59,0.541,-0.036,0.2,0.193,0.308,0.646,0.148,0.308,"[[168  92]
 [ 36  16]]","[0.01, 0.1, 0.01, 0.1, 0.005, 0.05, 0.001, 0.01]",37,2019-05-10 15:05:16.914829
0,AAs S:4 X:0_20,0,2,"[0, 1, 3, 4]",0.819,0.766,0.093,0.133,0.3,0.083,0.967,0.333,0.083,"[[232   8]
 [ 44   4]]","[0.01, 0.1, 0.01, 0.1, 0.005, 0.05, 0.001, 0.01]",55,2019-05-10 15:05:34.800883
0,AAs S:4 X:0_20,0,3,"[0, 1, 2, 4]",0.606,0.56,0.07,0.278,0.204,0.455,0.636,0.2,0.455,"[[140  80]
 [ 24  20]]","[0.01, 0.1, 0.01, 0.1, 0.005, 0.05, 0.001, 0.01]",73,2019-05-10 15:05:53.175531
0,AAs S:4 X:0_20,0,4,"[0, 1, 2, 3]",0.788,0.543,0.026,0.125,0.255,0.091,0.927,0.2,0.091,"[[204  16]
 [ 40   4]]","[0.01, 0.1, 0.01, 0.1, 0.005, 0.05, 0.001, 0.01]",91,2019-05-10 15:06:11.254098
0,AAs S:4 X:0_20,0,0,"[1, 2, 3, 4]",0.821,0.663,0.445,0.545,0.518,0.643,0.857,0.474,0.643,"[[240  40]
 [ 20  36]]","[0.01, 0.1, 0.01, 0.1, 0.005, 0.05, 0.001, 0.01]",20,2019-05-10 15:06:37.834197
0,AAs S:4 X:0_20,0,1,"[0, 2, 3, 4]",0.766,0.803,0.344,0.467,0.505,0.615,0.796,0.376,0.615,"[[207  53]
 [ 20  32]]","[0.01, 0.1, 0.01, 0.1, 0.005, 0.05, 0.001, 0.01]",37,2019-05-10 15:06:55.199108
0,AAs S:4 X:0_20,0,2,"[0, 1, 3, 4]",0.792,0.397,0.169,0.286,0.215,0.25,0.9,0.333,0.25,"[[216  24]
 [ 36  12]]","[0.01, 0.1, 0.01, 0.1, 0.005, 0.05, 0.001, 0.01]",55,2019-05-10 15:07:12.696409
0,AAs S:4 X:0_20,0,3,"[0, 1, 2, 4]",0.697,0.579,0.049,0.231,0.21,0.273,0.782,0.2,0.273,"[[172  48]
 [ 32  12]]","[0.01, 0.1, 0.01, 0.1, 0.005, 0.05, 0.001, 0.01]",73,2019-05-10 15:07:31.019654
0,AAs S:4 X:0_20,0,4,"[0, 1, 2, 3]",0.818,0.56,0.098,0.143,0.315,0.091,0.964,0.333,0.091,"[[212   8]
 [ 40   4]]","[0.01, 0.1, 0.01, 0.1, 0.005, 0.05, 0.001, 0.01]",91,2019-05-10 15:07:49.035320
0,AAs S:4 X:0_20,0,0,"[1, 2, 3, 4]",0.688,0.683,0.263,0.407,0.343,0.643,0.696,0.298,0.643,"[[195  85]
 [ 20  36]]","[0.01, 0.1, 0.01, 0.1, 0.005, 0.05, 0.001, 0.01]",21,2019-05-10 15:08:15.778945
0,AAs S:4 X:0_20,0,1,"[0, 2, 3, 4]",0.849,0.8,0.386,0.46,0.543,0.385,0.942,0.571,0.385,"[[245  15]
 [ 32  20]]","[0.01, 0.1, 0.01, 0.1, 0.005, 0.05, 0.001, 0.01]",39,2019-05-10 15:08:34.231610
0,AAs S:4 X:0_20,0,2,"[0, 1, 3, 4]",0.819,0.783,0.231,0.316,0.365,0.25,0.933,0.429,0.25,"[[224  16]
 [ 36  12]]","[0.01, 0.1, 0.01, 0.1, 0.005, 0.05, 0.001, 0.01]",56,2019-05-10 15:08:51.490685
0,AAs S:4 X:0_20,0,3,"[0, 1, 2, 4]",0.773,0.672,0.211,0.348,0.265,0.364,0.855,0.333,0.364,"[[188  32]
 [ 28  16]]","[0.01, 0.1, 0.01, 0.1, 0.005, 0.05, 0.001, 0.01]",75,2019-05-10 15:09:10.251181
0,AAs S:4 X:0_20,0,4,"[0, 1, 2, 3]",0.758,0.578,-0.022,0.111,0.278,0.091,0.891,0.143,0.091,"[[196  24]
 [ 40   4]]","[0.01, 0.1, 0.01, 0.1, 0.005, 0.05, 0.001, 0.01]",93,2019-05-10 15:09:28.051530
0,AAs S:4 X:0_20,0,0,"[1, 2, 3, 4]",0.798,0.777,0.406,0.514,0.71,0.643,0.829,0.429,0.643,"[[232  48]
 [ 20  36]]","[0.01, 0.1, 0.01, 0.1, 0.005, 0.05, 0.001, 0.01]",20,2019-05-10 15:09:55.232602
0,AAs S:4 X:0_20,0,1,"[0, 2, 3, 4]",0.782,0.718,0.284,0.414,0.41,0.462,0.846,0.375,0.462,"[[220  40]
 [ 28  24]]","[0.01, 0.1, 0.01, 0.1, 0.005, 0.05, 0.001, 0.01]",1862,2019-05-10 15:40:36.408516
0,AAs S:4 X:0_20,0,2,"[0, 1, 3, 4]",0.833,0.655,0.151,0.143,0.281,0.083,0.983,0.5,0.083,"[[236   4]
 [ 44   4]]","[0.01, 0.1, 0.01, 0.1, 0.005, 0.05, 0.001, 0.01]",1878,2019-05-10 15:40:52.430759
0,AAs S:4 X:0_20,0,3,"[0, 1, 2, 4]",0.803,0.805,0.411,0.519,0.462,0.636,0.836,0.438,0.636,"[[184  36]
 [ 16  28]]","[0.01, 0.1, 0.01, 0.1, 0.005, 0.05, 0.001, 0.01]",1894,2019-05-10 15:41:08.735767
0,AAs S:4 X:0_20,0,4,"[0, 1, 2, 3]",0.758,0.489,-0.022,0.111,0.234,0.091,0.891,0.143,0.091,"[[196  24]
 [ 40   4]]","[0.01, 0.1, 0.01, 0.1, 0.005, 0.05, 0.001, 0.01]",1910,2019-05-10 15:41:24.725373
0,AAs S:4 X:0_20,0,0,"[1, 2, 3, 4]",0.786,0.783,0.387,0.5,0.647,0.643,0.814,0.409,0.643,"[[228  52]
 [ 20  36]]","[0.01, 0.1, 0.01, 0.1, 0.005, 0.05, 0.001, 0.01]",18,2019-05-10 15:41:46.984853
0,AAs S:4 X:0_20,0,1,"[0, 2, 3, 4]",0.843,0.764,0.331,0.395,0.502,0.308,0.95,0.552,0.308,"[[247  13]
 [ 36  16]]","[0.01, 0.1, 0.01, 0.1, 0.005, 0.05, 0.001, 0.01]",34,2019-05-10 15:42:02.836609
0,AAs S:4 X:0_20,0,2,"[0, 1, 3, 4]",0.712,0.37,0.107,0.278,0.192,0.333,0.788,0.239,0.333,"[[189  51]
 [ 32  16]]","[0.01, 0.1, 0.01, 0.1, 0.005, 0.05, 0.001, 0.01]",50,2019-05-10 15:42:18.770053
0,AAs S:4 X:0_20,0,3,"[0, 1, 2, 4]",0.682,0.453,-0.105,0.087,0.16,0.091,0.8,0.083,0.091,"[[176  44]
 [ 40   4]]","[0.01, 0.1, 0.01, 0.1, 0.005, 0.05, 0.001, 0.01]",66,2019-05-10 15:42:34.709423
0,AAs S:4 X:0_20,0,4,"[0, 1, 2, 3]",0.739,0.657,-0.046,0.104,0.296,0.091,0.868,0.121,0.091,"[[191  29]
 [ 40   4]]","[0.01, 0.1, 0.01, 0.1, 0.005, 0.05, 0.001, 0.01]",82,2019-05-10 15:42:50.858863
0,AAs S:4 X:0_20,0,0,"[1, 2, 3, 4]",0.929,0.796,0.723,0.75,0.721,0.643,0.986,0.9,0.643,"[[276   4]
 [ 20  36]]","[0.01, 0.1, 0.01, 0.1, 0.005, 0.05, 0.001, 0.01]",19,2019-05-10 15:43:14.474523
0,AAs S:4 X:0_20,0,1,"[0, 2, 3, 4]",0.853,0.773,0.396,0.465,0.605,0.385,0.946,0.588,0.385,"[[246  14]
 [ 32  20]]","[0.01, 0.1, 0.01, 0.1, 0.005, 0.05, 0.001, 0.01]",35,2019-05-10 15:43:30.553191
0,AAs S:4 X:0_20,0,2,"[0, 1, 3, 4]",0.757,0.497,0.046,0.186,0.242,0.167,0.875,0.211,0.167,"[[210  30]
 [ 40   8]]","[0.01, 0.1, 0.01, 0.1, 0.005, 0.05, 0.001, 0.01]",51,2019-05-10 15:43:46.762583
0,AAs S:4 X:0_20,0,3,"[0, 1, 2, 4]",0.758,0.633,0.127,0.273,0.34,0.273,0.855,0.273,0.273,"[[188  32]
 [ 32  12]]","[0.01, 0.1, 0.01, 0.1, 0.005, 0.05, 0.001, 0.01]",67,2019-05-10 15:44:03.126865
0,AAs S:4 X:0_20,0,4,"[0, 1, 2, 3]",0.818,0.555,0.098,0.143,0.261,0.091,0.964,0.333,0.091,"[[212   8]
 [ 40   4]]","[0.01, 0.1, 0.01, 0.1, 0.005, 0.05, 0.001, 0.01]",84,2019-05-10 15:44:19.556275
0,AAs S:4 X:0_20,0,0,"[1, 2, 3, 4]",0.786,0.742,0.311,0.438,0.627,0.5,0.843,0.389,0.5,"[[236  44]
 [ 28  28]]","[0.01, 0.1, 0.01, 0.1, 0.005, 0.05, 0.001, 0.01]",18,2019-05-10 15:44:43.131619
0,AAs S:4 X:0_20,0,1,"[0, 2, 3, 4]",0.808,0.63,0.052,0.118,0.334,0.077,0.954,0.25,0.077,"[[248  12]
 [ 48   4]]","[0.01, 0.1, 0.01, 0.1, 0.005, 0.05, 0.001, 0.01]",34,2019-05-10 15:44:58.819493
0,AAs S:4 X:0_20,0,2,"[0, 1, 3, 4]",0.806,0.713,0.198,0.3,0.425,0.25,0.917,0.375,0.25,"[[220  20]
 [ 36  12]]","[0.01, 0.1, 0.01, 0.1, 0.005, 0.05, 0.001, 0.01]",50,2019-05-10 15:45:15.118576
0,AAs S:4 X:0_20,0,3,"[0, 1, 2, 4]",0.545,0.682,0.122,0.318,0.366,0.636,0.527,0.212,0.636,"[[116 104]
 [ 16  28]]","[0.01, 0.1, 0.01, 0.1, 0.005, 0.05, 0.001, 0.01]",67,2019-05-10 15:45:31.912955
0,AAs S:4 X:0_20,0,4,"[0, 1, 2, 3]",0.758,0.587,-0.022,0.111,0.227,0.091,0.891,0.143,0.091,"[[196  24]
 [ 40   4]]","[0.01, 0.1, 0.01, 0.1, 0.005, 0.05, 0.001, 0.01]",83,2019-05-10 15:45:48.187964
0,AAs S:4 X:0_20,0,0,"[1, 2, 3, 4]",0.821,0.775,0.445,0.545,0.707,0.643,0.857,0.474,0.643,"[[240  40]
 [ 20  36]]","[0.01, 0.1, 0.01, 0.1, 0.005, 0.05, 0.001, 0.01]",19,2019-05-10 15:46:12.522595
0,AAs S:4 X:0_20,0,1,"[0, 2, 3, 4]",0.801,0.732,0.214,0.326,0.411,0.288,0.904,0.375,0.288,"[[235  25]
 [ 37  15]]","[0.01, 0.1, 0.01, 0.1, 0.005, 0.05, 0.001, 0.01]",36,2019-05-10 15:46:29.045562
0,AAs S:4 X:0_20,0,2,"[0, 1, 3, 4]",0.778,0.781,0.0,0.111,0.371,0.083,0.917,0.167,0.083,"[[220  20]
 [ 44   4]]","[0.01, 0.1, 0.01, 0.1, 0.005, 0.05, 0.001, 0.01]",53,2019-05-10 15:46:45.857448
0,AAs S:4 X:0_20,0,3,"[0, 1, 2, 4]",0.636,0.591,0.044,0.25,0.201,0.364,0.691,0.19,0.364,"[[152  68]
 [ 28  16]]","[0.01, 0.1, 0.01, 0.1, 0.005, 0.05, 0.001, 0.01]",69,2019-05-10 15:47:02.082821
0,AAs S:4 X:0_20,0,4,"[0, 1, 2, 3]",0.833,0.543,0.158,0.154,0.235,0.091,0.982,0.5,0.091,"[[216   4]
 [ 40   4]]","[0.01, 0.1, 0.01, 0.1, 0.005, 0.05, 0.001, 0.01]",86,2019-05-10 15:47:19.105345
0,AAs S:4 X:0_20,0,0,"[1, 2, 3, 4]",0.833,0.784,0.467,0.563,0.701,0.643,0.871,0.5,0.643,"[[244  36]
 [ 20  36]]","[0.01, 0.1, 0.01, 0.1, 0.005, 0.05, 0.001, 0.01]",20,2019-05-10 15:47:43.372018
0,AAs S:4 X:0_20,0,1,"[0, 2, 3, 4]",0.718,0.67,0.044,0.214,0.321,0.231,0.815,0.2,0.231,"[[212  48]
 [ 40  12]]","[0.01, 0.1, 0.01, 0.1, 0.005, 0.05, 0.001, 0.01]",38,2019-05-10 15:48:01.415474
0,AAs S:4 X:0_20,0,2,"[0, 1, 3, 4]",0.847,0.658,0.265,0.154,0.325,0.083,1.0,1.0,0.083,"[[240   0]
 [ 44   4]]","[0.01, 0.1, 0.01, 0.1, 0.005, 0.05, 0.001, 0.01]",57,2019-05-10 15:48:20.310891
0,AAs S:4 X:0_20,0,3,"[0, 1, 2, 4]",0.742,0.548,0.166,0.32,0.199,0.364,0.818,0.286,0.364,"[[180  40]
 [ 28  16]]","[0.01, 0.1, 0.01, 0.1, 0.005, 0.05, 0.001, 0.01]",76,2019-05-10 15:48:38.762724
0,AAs S:4 X:0_20,0,4,"[0, 1, 2, 3]",0.712,0.511,-0.076,0.095,0.244,0.091,0.836,0.1,0.091,"[[184  36]
 [ 40   4]]","[0.01, 0.1, 0.01, 0.1, 0.005, 0.05, 0.001, 0.01]",94,2019-05-10 15:48:57.007163
0,AAs S:4 X:0_20,0,0,"[1, 2, 3, 4]",0.798,0.685,0.406,0.514,0.482,0.643,0.829,0.429,0.643,"[[232  48]
 [ 20  36]]","[0.01, 0.1, 0.01, 0.1, 0.005, 0.05, 0.001, 0.01]",20,2019-05-10 15:49:21.017445
0,AAs S:4 X:0_20,0,1,"[0, 2, 3, 4]",0.846,0.788,0.341,0.4,0.486,0.308,0.954,0.571,0.308,"[[248  12]
 [ 36  16]]","[0.01, 0.1, 0.01, 0.1, 0.005, 0.05, 0.001, 0.01]",38,2019-05-10 15:49:39.155717
0,AAs S:4 X:0_20,0,2,"[0, 1, 3, 4]",0.833,0.696,0.217,0.25,0.328,0.167,0.967,0.5,0.167,"[[232   8]
 [ 40   8]]","[0.01, 0.1, 0.01, 0.1, 0.005, 0.05, 0.001, 0.01]",57,2019-05-10 15:49:57.321975
0,AAs S:4 X:0_20,0,3,"[0, 1, 2, 4]",0.769,0.489,-0.117,0.0,0.175,0.0,0.923,0.0,0.0,"[[203  17]
 [ 44   0]]","[0.01, 0.1, 0.01, 0.1, 0.005, 0.05, 0.001, 0.01]",75,2019-05-10 15:50:15.309489
0,AAs S:4 X:0_20,0,4,"[0, 1, 2, 3]",0.712,0.436,-0.166,0.0,0.146,0.0,0.855,0.0,0.0,"[[188  32]
 [ 44   0]]","[0.01, 0.1, 0.01, 0.1, 0.005, 0.05, 0.001, 0.01]",92,2019-05-10 15:50:32.903429
0,AAs S:4 X:0_20,0,0,"[1, 2, 3, 4]",0.833,0.789,0.434,0.533,0.593,0.571,0.886,0.5,0.571,"[[248  32]
 [ 24  32]]","[0.01, 0.1, 0.01, 0.1, 0.005, 0.05, 0.001, 0.01]",21,2019-05-10 15:50:58.259073
0,AAs S:4 X:0_20,0,1,"[0, 2, 3, 4]",0.843,0.731,0.321,0.38,0.452,0.288,0.954,0.556,0.288,"[[248  12]
 [ 37  15]]","[0.01, 0.1, 0.01, 0.1, 0.005, 0.05, 0.001, 0.01]",40,2019-05-10 15:51:16.945732
0,AAs S:4 X:0_20,0,2,"[0, 1, 3, 4]",0.806,0.542,-0.076,0.0,0.208,0.0,0.967,0.0,0.0,"[[232   8]
 [ 48   0]]","[0.01, 0.1, 0.01, 0.1, 0.005, 0.05, 0.001, 0.01]",59,2019-05-10 15:51:36.004404
0,AAs S:4 X:0_20,0,3,"[0, 1, 2, 4]",0.667,0.656,-0.049,0.154,0.28,0.182,0.764,0.133,0.182,"[[168  52]
 [ 36   8]]","[0.01, 0.1, 0.01, 0.1, 0.005, 0.05, 0.001, 0.01]",78,2019-05-10 15:51:54.473662
0,AAs S:4 X:0_20,0,4,"[0, 1, 2, 3]",0.742,0.467,-0.042,0.105,0.246,0.091,0.873,0.125,0.091,"[[192  28]
 [ 40   4]]","[0.01, 0.1, 0.01, 0.1, 0.005, 0.05, 0.001, 0.01]",96,2019-05-10 15:52:12.748045
0,AAs S:4 X:0_20,0,0,"[1, 2, 3, 4]",0.863,0.735,0.528,0.61,0.713,0.643,0.907,0.581,0.643,"[[254  26]
 [ 20  36]]","[0.01, 0.1, 0.01, 0.1, 0.005, 0.05, 0.001, 0.01]",20,2019-05-10 15:52:37.680224
0,AAs S:4 X:0_20,0,1,"[0, 2, 3, 4]",0.833,0.774,0.208,0.235,0.548,0.154,0.969,0.5,0.154,"[[252   8]
 [ 44   8]]","[0.01, 0.1, 0.01, 0.1, 0.005, 0.05, 0.001, 0.01]",38,2019-05-10 15:52:54.865811
0,AAs S:4 X:0_20,0,2,"[0, 1, 3, 4]",0.833,0.489,0.0,0.0,0.315,0.0,1.0,,0.0,"[[240   0]
 [ 48   0]]","[0.01, 0.1, 0.01, 0.1, 0.005, 0.05, 0.001, 0.01]",56,2019-05-10 15:53:12.969117
0,AAs S:4 X:0_20,0,3,"[0, 1, 2, 4]",0.712,0.664,-0.076,0.095,0.223,0.091,0.836,0.1,0.091,"[[184  36]
 [ 40   4]]","[0.01, 0.1, 0.01, 0.1, 0.005, 0.05, 0.001, 0.01]",74,2019-05-10 15:53:30.736309
0,AAs S:4 X:0_20,0,4,"[0, 1, 2, 3]",0.818,0.522,0.098,0.143,0.254,0.091,0.964,0.333,0.091,"[[212   8]
 [ 40   4]]","[0.01, 0.1, 0.01, 0.1, 0.005, 0.05, 0.001, 0.01]",91,2019-05-10 15:53:47.760185
0,AAs S:4 X:0_20,0,0,"[1, 2, 3, 4]",0.81,0.807,0.425,0.529,0.75,0.643,0.843,0.45,0.643,"[[236  44]
 [ 20  36]]","[0.01, 0.1, 0.01, 0.1, 0.005, 0.05, 0.001, 0.01]",21,2019-05-10 15:54:12.586014
0,AAs S:4 X:0_20,0,1,"[0, 2, 3, 4]",0.859,0.781,0.364,0.353,0.478,0.231,0.985,0.75,0.231,"[[256   4]
 [ 40  12]]","[0.01, 0.1, 0.01, 0.1, 0.005, 0.05, 0.001, 0.01]",39,2019-05-10 15:54:30.659966
0,AAs S:4 X:0_20,0,2,"[0, 1, 3, 4]",0.819,0.438,-0.053,0.0,0.167,0.0,0.983,0.0,0.0,"[[236   4]
 [ 48   0]]","[0.01, 0.1, 0.01, 0.1, 0.005, 0.05, 0.001, 0.01]",57,2019-05-10 15:54:49.141388
0,AAs S:4 X:0_20,0,3,"[0, 1, 2, 4]",0.742,0.629,0.038,0.19,0.255,0.182,0.855,0.2,0.182,"[[188  32]
 [ 36   8]]","[0.01, 0.1, 0.01, 0.1, 0.005, 0.05, 0.001, 0.01]",76,2019-05-10 15:55:07.720412
0,AAs S:4 X:0_20,0,4,"[0, 1, 2, 3]",0.848,0.526,0.277,0.167,0.282,0.091,1.0,1.0,0.091,"[[220   0]
 [ 40   4]]","[0.01, 0.1, 0.01, 0.1, 0.005, 0.05, 0.001, 0.01]",95,2019-05-10 15:55:26.651832
0,AAs S:4 X:0_20,0,0,"[1, 2, 3, 4]",0.714,0.624,0.294,0.429,0.462,0.643,0.729,0.321,0.643,"[[204  76]
 [ 20  36]]","[0.01, 0.1, 0.01, 0.1, 0.005, 0.05, 0.001, 0.01]",20,2019-05-10 15:55:50.862830
0,AAs S:4 X:0_20,0,1,"[0, 2, 3, 4]",0.849,0.793,0.487,0.577,0.513,0.615,0.896,0.542,0.615,"[[233  27]
 [ 20  32]]","[0.01, 0.1, 0.01, 0.1, 0.005, 0.05, 0.001, 0.01]",38,2019-05-10 15:56:08.551275
0,AAs S:4 X:0_20,0,2,"[0, 1, 3, 4]",0.847,0.773,0.265,0.154,0.374,0.083,1.0,1.0,0.083,"[[240   0]
 [ 44   4]]","[0.01, 0.1, 0.01, 0.1, 0.005, 0.05, 0.001, 0.01]",55,2019-05-10 15:56:25.825653
0,AAs S:4 X:0_20,0,3,"[0, 1, 2, 4]",0.652,0.64,0.059,0.258,0.364,0.364,0.709,0.2,0.364,"[[156  64]
 [ 28  16]]","[0.01, 0.1, 0.01, 0.1, 0.005, 0.05, 0.001, 0.01]",74,2019-05-10 15:56:44.709922
0,AAs S:4 X:0_20,0,4,"[0, 1, 2, 3]",0.833,0.503,0.158,0.154,0.258,0.091,0.982,0.5,0.091,"[[216   4]
 [ 40   4]]","[0.01, 0.1, 0.01, 0.1, 0.005, 0.05, 0.001, 0.01]",92,2019-05-10 15:57:03.209431
0,AAs S:4 X:0_20,0,0,"[1, 2, 3, 4]",0.786,0.741,0.387,0.5,0.598,0.643,0.814,0.409,0.643,"[[228  52]
 [ 20  36]]","[0.01, 0.1, 0.01, 0.1, 0.005, 0.05, 0.001, 0.01]",20,2019-05-10 15:57:28.717637
0,AAs S:4 X:0_20,0,1,"[0, 2, 3, 4]",0.734,0.745,0.004,0.162,0.371,0.154,0.85,0.17,0.154,"[[221  39]
 [ 44   8]]","[0.01, 0.1, 0.01, 0.1, 0.005, 0.05, 0.001, 0.01]",37,2019-05-10 15:57:46.408347
0,AAs S:4 X:0_20,0,2,"[0, 1, 3, 4]",0.722,0.357,-0.158,0.0,0.128,0.0,0.867,0.0,0.0,"[[208  32]
 [ 48   0]]","[0.01, 0.1, 0.01, 0.1, 0.005, 0.05, 0.001, 0.01]",55,2019-05-10 15:58:04.178422
0,AAs S:4 X:0_20,0,3,"[0, 1, 2, 4]",0.742,0.469,0.166,0.32,0.202,0.364,0.818,0.286,0.364,"[[180  40]
 [ 28  16]]","[0.01, 0.1, 0.01, 0.1, 0.005, 0.05, 0.001, 0.01]",73,2019-05-10 15:58:22.199234
0,AAs S:4 X:0_20,0,4,"[0, 1, 2, 3]",0.758,0.656,-0.022,0.111,0.248,0.091,0.891,0.143,0.091,"[[196  24]
 [ 40   4]]","[0.01, 0.1, 0.01, 0.1, 0.005, 0.05, 0.001, 0.01]",91,2019-05-10 15:58:39.871092
0, S:4 X:0_20 M:0_181 M2:192_464,0,0,"[1, 2, 3, 4]",0.833,0.642,0.0,0.0,0.39,0.0,1.0,,0.0,"[[280   0]
 [ 56   0]]","[0.01, 0.1, 0.01, 0.1, 0.005, 0.05, 0.001, 0.01]",21,2019-05-10 18:54:59.605823
0, S:4 X:0_20 M:0_181 M2:192_464,0,1,"[0, 2, 3, 4]",0.833,0.638,0.0,0.0,0.324,0.0,1.0,,0.0,"[[260   0]
 [ 52   0]]","[0.01, 0.1, 0.01, 0.1, 0.005, 0.05, 0.001, 0.01]",39,2019-05-10 18:55:17.606734
0, S:4 X:0_20 M:0_181 M2:192_464,0,2,"[0, 1, 3, 4]",0.847,0.807,0.265,0.154,0.456,0.083,1.0,1.0,0.083,"[[240   0]
 [ 44   4]]","[0.01, 0.1, 0.01, 0.1, 0.005, 0.05, 0.001, 0.01]",57,2019-05-10 18:55:35.688617
0, S:4 X:0_20 M:0_181 M2:192_464,0,3,"[0, 1, 2, 4]",0.833,0.718,0.0,0.0,0.39,0.0,1.0,,0.0,"[[220   0]
 [ 44   0]]","[0.01, 0.1, 0.01, 0.1, 0.005, 0.05, 0.001, 0.01]",75,2019-05-10 18:55:53.649358
0, S:4 X:0_20 M:0_181 M2:192_464,0,4,"[0, 1, 2, 3]",0.833,0.586,0.0,0.0,0.224,0.0,1.0,,0.0,"[[220   0]
 [ 44   0]]","[0.01, 0.1, 0.01, 0.1, 0.005, 0.05, 0.001, 0.01]",93,2019-05-10 18:56:11.495996
0, S:4 X:0_20 M:0_181 M2:192_464,0,0,"[1, 2, 3, 4]",0.53,0.619,0.199,0.358,0.227,0.786,0.479,0.232,0.786,"[[134 146]
 [ 12  44]]","[0.01, 0.1, 0.01, 0.1, 0.005, 0.05, 0.001, 0.01]",20,2019-05-10 18:56:36.613233
0, S:4 X:0_20 M:0_181 M2:192_464,0,1,"[0, 2, 3, 4]",0.167,0.694,0.0,0.286,0.296,1.0,0.0,0.167,1.0,"[[  0 260]
 [  0  52]]","[0.01, 0.1, 0.01, 0.1, 0.005, 0.05, 0.001, 0.01]",36,2019-05-10 18:56:52.901582
0, S:4 X:0_20 M:0_181 M2:192_464,0,2,"[0, 1, 3, 4]",0.833,0.693,0.0,0.0,0.326,0.0,1.0,,0.0,"[[240   0]
 [ 48   0]]","[0.01, 0.1, 0.01, 0.1, 0.005, 0.05, 0.001, 0.01]",53,2019-05-10 18:57:10.114673
0, S:4 X:0_20 M:0_181 M2:192_464,0,3,"[0, 1, 2, 4]",0.833,0.553,0.158,0.154,0.223,0.091,0.982,0.5,0.091,"[[216   4]
 [ 40   4]]","[0.01, 0.1, 0.01, 0.1, 0.005, 0.05, 0.001, 0.01]",69,2019-05-10 18:57:26.301893
0, S:4 X:0_20 M:0_181 M2:192_464,0,4,"[0, 1, 2, 3]",0.833,0.426,0.158,0.154,0.233,0.091,0.982,0.5,0.091,"[[216   4]
 [ 40   4]]","[0.01, 0.1, 0.01, 0.1, 0.005, 0.05, 0.001, 0.01]",87,2019-05-10 18:57:43.906677
0, S:4 X:0_20 M:0_181 M2:192_464,0,0,"[1, 2, 3, 4]",0.833,0.593,0.0,0.0,0.229,0.0,1.0,,0.0,"[[280   0]
 [ 56   0]]","[0.01, 0.1, 0.01, 0.1, 0.005, 0.05, 0.001, 0.01]",19,2019-05-10 18:58:07.487712
0, S:4 X:0_20 M:0_181 M2:192_464,0,1,"[0, 2, 3, 4]",0.792,0.717,0.267,0.393,0.339,0.404,0.869,0.382,0.404,"[[226  34]
 [ 31  21]]","[0.01, 0.1, 0.01, 0.1, 0.005, 0.05, 0.001, 0.01]",35,2019-05-10 18:58:23.796031
0, S:4 X:0_20 M:0_181 M2:192_464,0,2,"[0, 1, 3, 4]",0.833,0.633,0.0,0.0,0.321,0.0,1.0,,0.0,"[[240   0]
 [ 48   0]]","[0.01, 0.1, 0.01, 0.1, 0.005, 0.05, 0.001, 0.01]",52,2019-05-10 18:58:40.658139
0, S:4 X:0_20 M:0_181 M2:192_464,0,3,"[0, 1, 2, 4]",0.833,0.613,0.0,0.0,0.33,0.0,1.0,,0.0,"[[220   0]
 [ 44   0]]","[0.01, 0.1, 0.01, 0.1, 0.005, 0.05, 0.001, 0.01]",68,2019-05-10 18:58:57.242529
0, S:4 X:0_20 M:0_181 M2:192_464,0,4,"[0, 1, 2, 3]",0.803,0.572,0.057,0.133,0.268,0.091,0.945,0.25,0.091,"[[208  12]
 [ 40   4]]","[0.01, 0.1, 0.01, 0.1, 0.005, 0.05, 0.001, 0.01]",85,2019-05-10 18:59:14.023928
0, S:4 X:0_20 M:0_181 M2:192_464,0,0,"[1, 2, 3, 4]",0.833,0.572,0.0,0.0,0.203,0.0,1.0,,0.0,"[[280   0]
 [ 56   0]]","[0.01, 0.1, 0.01, 0.1, 0.005, 0.05, 0.001, 0.01]",19,2019-05-10 18:59:38.099566
0, S:4 X:0_20 M:0_181 M2:192_464,0,1,"[0, 2, 3, 4]",0.833,0.5,0.0,0.0,0.167,0.0,1.0,,0.0,"[[260   0]
 [ 52   0]]","[0.01, 0.1, 0.01, 0.1, 0.005, 0.05, 0.001, 0.01]",35,2019-05-10 18:59:54.438890
0, S:4 X:0_20 M:0_181 M2:192_464,0,2,"[0, 1, 3, 4]",0.833,0.822,0.0,0.0,0.362,0.0,1.0,,0.0,"[[240   0]
 [ 48   0]]","[0.01, 0.1, 0.01, 0.1, 0.005, 0.05, 0.001, 0.01]",51,2019-05-10 19:00:10.820456
0, S:4 X:0_20 M:0_181 M2:192_464,0,3,"[0, 1, 2, 4]",0.833,0.638,0.0,0.0,0.252,0.0,1.0,,0.0,"[[220   0]
 [ 44   0]]","[0.01, 0.1, 0.01, 0.1, 0.005, 0.05, 0.001, 0.01]",68,2019-05-10 19:00:27.638624
0, S:4 X:0_20 M:0_181 M2:192_464,0,4,"[0, 1, 2, 3]",0.833,0.639,0.0,0.0,0.252,0.0,1.0,,0.0,"[[220   0]
 [ 44   0]]","[0.01, 0.1, 0.01, 0.1, 0.005, 0.05, 0.001, 0.01]",85,2019-05-10 19:00:44.636306
0, S:4 X:0_20 M:0_181 M2:192_464,0,0,"[1, 2, 3, 4]",0.833,0.429,0.0,0.0,0.212,0.0,1.0,,0.0,"[[280   0]
 [ 56   0]]","[0.01, 0.1, 0.01, 0.1, 0.005, 0.05, 0.001, 0.01]",20,2019-05-10 19:01:09.008060
0, S:4 X:0_20 M:0_181 M2:192_464,0,1,"[0, 2, 3, 4]",0.833,0.584,0.0,0.0,0.291,0.0,1.0,,0.0,"[[260   0]
 [ 52   0]]","[0.01, 0.1, 0.01, 0.1, 0.005, 0.05, 0.001, 0.01]",36,2019-05-10 19:01:25.598312
0, S:4 X:0_20 M:0_181 M2:192_464,0,2,"[0, 1, 3, 4]",0.833,0.822,0.0,0.0,0.437,0.0,1.0,,0.0,"[[240   0]
 [ 48   0]]","[0.01, 0.1, 0.01, 0.1, 0.005, 0.05, 0.001, 0.01]",53,2019-05-10 19:01:42.519075
0, S:4 X:0_20 M:0_181 M2:192_464,0,3,"[0, 1, 2, 4]",0.833,0.525,0.0,0.0,0.209,0.0,1.0,,0.0,"[[220   0]
 [ 44   0]]","[0.01, 0.1, 0.01, 0.1, 0.005, 0.05, 0.001, 0.01]",70,2019-05-10 19:01:59.890589
0, S:4 X:0_20 M:0_181 M2:192_464,0,4,"[0, 1, 2, 3]",0.818,0.589,-0.055,0.0,0.25,0.0,0.982,0.0,0.0,"[[216   4]
 [ 44   0]]","[0.01, 0.1, 0.01, 0.1, 0.005, 0.05, 0.001, 0.01]",88,2019-05-10 19:02:17.053403
0, S:4 X:0_20 M:0_181 M2:192_464,0,0,"[1, 2, 3, 4]",0.833,0.655,0.0,0.0,0.276,0.0,1.0,,0.0,"[[280   0]
 [ 56   0]]","[0.01, 0.1, 0.01, 0.1, 0.005, 0.05, 0.001, 0.01]",20,2019-05-10 19:02:41.825241
0, S:4 X:0_20 M:0_181 M2:192_464,0,1,"[0, 2, 3, 4]",0.837,0.761,0.221,0.239,0.463,0.154,0.973,0.533,0.154,"[[253   7]
 [ 44   8]]","[0.01, 0.1, 0.01, 0.1, 0.005, 0.05, 0.001, 0.01]",37,2019-05-10 19:02:58.856173
0, S:4 X:0_20 M:0_181 M2:192_464,0,2,"[0, 1, 3, 4]",0.833,0.699,0.0,0.0,0.421,0.0,1.0,,0.0,"[[240   0]
 [ 48   0]]","[0.01, 0.1, 0.01, 0.1, 0.005, 0.05, 0.001, 0.01]",53,2019-05-10 19:03:14.887400
0, S:4 X:0_20 M:0_181 M2:192_464,0,3,"[0, 1, 2, 4]",0.833,0.556,0.0,0.0,0.204,0.0,1.0,,0.0,"[[220   0]
 [ 44   0]]","[0.01, 0.1, 0.01, 0.1, 0.005, 0.05, 0.001, 0.01]",69,2019-05-10 19:03:30.854890
0, S:4 X:0_20 M:0_181 M2:192_464,0,4,"[0, 1, 2, 3]",0.167,0.517,0.0,0.286,0.171,1.0,0.0,0.167,1.0,"[[  0 220]
 [  0  44]]","[0.01, 0.1, 0.01, 0.1, 0.005, 0.05, 0.001, 0.01]",84,2019-05-10 19:03:46.620880
0, S:4 X:0_20 M:0_181 M2:192_464,0,0,"[1, 2, 3, 4]",0.402,0.616,0.139,0.323,0.218,0.857,0.311,0.199,0.857,"[[ 87 193]
 [  8  48]]","[0.01, 0.1, 0.01, 0.1, 0.005, 0.05, 0.001, 0.01]",19,2019-05-10 19:04:10.704304
0, S:4 X:0_20 M:0_181 M2:192_464,0,1,"[0, 2, 3, 4]",0.295,0.603,0.03,0.286,0.208,0.846,0.185,0.172,0.846,"[[ 48 212]
 [  8  44]]","[0.01, 0.1, 0.01, 0.1, 0.005, 0.05, 0.001, 0.01]",35,2019-05-10 19:04:26.547804
0, S:4 X:0_20 M:0_181 M2:192_464,0,2,"[0, 1, 3, 4]",0.833,0.577,0.0,0.0,0.308,0.0,1.0,,0.0,"[[240   0]
 [ 48   0]]","[0.01, 0.1, 0.01, 0.1, 0.005, 0.05, 0.001, 0.01]",51,2019-05-10 19:04:42.656440
0, S:4 X:0_20 M:0_181 M2:192_464,0,3,"[0, 1, 2, 4]",0.47,0.549,-0.054,0.222,0.262,0.455,0.473,0.147,0.455,"[[104 116]
 [ 24  20]]","[0.01, 0.1, 0.01, 0.1, 0.005, 0.05, 0.001, 0.01]",67,2019-05-10 19:04:58.853302
0, S:4 X:0_20 M:0_181 M2:192_464,0,4,"[0, 1, 2, 3]",0.833,0.641,0.0,0.0,0.369,0.0,1.0,,0.0,"[[220   0]
 [ 44   0]]","[0.01, 0.1, 0.01, 0.1, 0.005, 0.05, 0.001, 0.01]",83,2019-05-10 19:05:15.133828
0, S:4 X:0_20 M:0_181 M2:192_464,0,0,"[1, 2, 3, 4]",0.821,0.775,0.48,0.571,0.66,0.714,0.843,0.476,0.714,"[[236  44]
 [ 16  40]]","[0.01, 0.1, 0.01, 0.1, 0.005, 0.05, 0.001, 0.01]",19,2019-05-10 19:05:40.855145
0, S:4 X:0_20 M:0_181 M2:192_464,0,1,"[0, 2, 3, 4]",0.833,0.643,0.0,0.0,0.296,0.0,1.0,,0.0,"[[260   0]
 [ 52   0]]","[0.01, 0.1, 0.01, 0.1, 0.005, 0.05, 0.001, 0.01]",36,2019-05-10 19:05:57.652218
0, S:4 X:0_20 M:0_181 M2:192_464,0,2,"[0, 1, 3, 4]",0.833,0.785,0.27,0.333,0.376,0.25,0.95,0.5,0.25,"[[228  12]
 [ 36  12]]","[0.01, 0.1, 0.01, 0.1, 0.005, 0.05, 0.001, 0.01]",53,2019-05-10 19:06:14.868991
0, S:4 X:0_20 M:0_181 M2:192_464,0,3,"[0, 1, 2, 4]",0.773,0.549,0.151,0.286,0.21,0.273,0.873,0.3,0.273,"[[192  28]
 [ 32  12]]","[0.01, 0.1, 0.01, 0.1, 0.005, 0.05, 0.001, 0.01]",71,2019-05-10 19:06:32.633520
0, S:4 X:0_20 M:0_181 M2:192_464,0,4,"[0, 1, 2, 3]",0.833,0.479,0.0,0.0,0.208,0.0,1.0,,0.0,"[[220   0]
 [ 44   0]]","[0.01, 0.1, 0.01, 0.1, 0.005, 0.05, 0.001, 0.01]",89,2019-05-10 19:06:51.037060
0, S:4 X:0_20 M:0_181 M2:192_464,0,0,"[1, 2, 3, 4]",0.821,0.681,-0.049,0.0,0.372,0.0,0.986,0.0,0.0,"[[276   4]
 [ 56   0]]","[0.01, 0.1, 0.01, 0.1, 0.005, 0.05, 0.001, 0.01]",19,2019-05-10 19:07:17.066696
0, S:4 X:0_20 M:0_181 M2:192_464,0,1,"[0, 2, 3, 4]",0.833,0.757,0.0,0.0,0.394,0.0,1.0,,0.0,"[[260   0]
 [ 52   0]]","[0.01, 0.1, 0.01, 0.1, 0.005, 0.05, 0.001, 0.01]",37,2019-05-10 19:07:34.395866
0, S:4 X:0_20 M:0_181 M2:192_464,0,2,"[0, 1, 3, 4]",0.774,0.771,0.282,0.414,0.473,0.479,0.833,0.365,0.479,"[[200  40]
 [ 25  23]]","[0.01, 0.1, 0.01, 0.1, 0.005, 0.05, 0.001, 0.01]",54,2019-05-10 19:07:51.948299
0, S:4 X:0_20 M:0_181 M2:192_464,0,3,"[0, 1, 2, 4]",0.833,0.612,0.0,0.0,0.449,0.0,1.0,,0.0,"[[220   0]
 [ 44   0]]","[0.01, 0.1, 0.01, 0.1, 0.005, 0.05, 0.001, 0.01]",72,2019-05-10 19:08:09.706325
0, S:4 X:0_20 M:0_181 M2:192_464,0,4,"[0, 1, 2, 3]",0.394,0.508,0.044,0.286,0.2,0.727,0.327,0.178,0.727,"[[ 72 148]
 [ 12  32]]","[0.01, 0.1, 0.01, 0.1, 0.005, 0.05, 0.001, 0.01]",90,2019-05-10 19:08:27.710472
0, S:4 X:0_20 M:0_181 M2:192_464,0,0,"[1, 2, 3, 4]",0.833,0.492,0.0,0.0,0.173,0.0,1.0,,0.0,"[[280   0]
 [ 56   0]]","[0.01, 0.1, 0.01, 0.1, 0.005, 0.05, 0.001, 0.01]",20,2019-05-10 19:08:54.612038
0, S:4 X:0_20 M:0_181 M2:192_464,0,1,"[0, 2, 3, 4]",0.167,0.54,0.0,0.286,0.179,1.0,0.0,0.167,1.0,"[[  0 260]
 [  0  52]]","[0.01, 0.1, 0.01, 0.1, 0.005, 0.05, 0.001, 0.01]",37,2019-05-10 19:09:11.152044
0, S:4 X:0_20 M:0_181 M2:192_464,0,2,"[0, 1, 3, 4]",0.833,0.744,0.0,0.0,0.434,0.0,1.0,,0.0,"[[240   0]
 [ 48   0]]","[0.01, 0.1, 0.01, 0.1, 0.005, 0.05, 0.001, 0.01]",53,2019-05-10 19:09:27.841849
0, S:4 X:0_20 M:0_181 M2:192_464,0,3,"[0, 1, 2, 4]",0.833,0.577,0.0,0.0,0.262,0.0,1.0,,0.0,"[[220   0]
 [ 44   0]]","[0.01, 0.1, 0.01, 0.1, 0.005, 0.05, 0.001, 0.01]",70,2019-05-10 19:09:44.522440
0, S:4 X:0_20 M:0_181 M2:192_464,0,4,"[0, 1, 2, 3]",0.833,0.584,0.0,0.0,0.302,0.0,1.0,,0.0,"[[220   0]
 [ 44   0]]","[0.01, 0.1, 0.01, 0.1, 0.005, 0.05, 0.001, 0.01]",86,2019-05-10 19:10:00.715416
0, S:4 X:0_20 M:0_181 M2:192_464,0,0,"[1, 2, 3, 4]",0.833,0.52,0.0,0.0,0.224,0.0,1.0,,0.0,"[[280   0]
 [ 56   0]]","[0.01, 0.1, 0.01, 0.1, 0.005, 0.05, 0.001, 0.01]",21,2019-05-10 19:10:28.759031
0, S:4 X:0_20 M:0_181 M2:192_464,0,1,"[0, 2, 3, 4]",0.833,0.759,0.0,0.0,0.382,0.0,1.0,,0.0,"[[260   0]
 [ 52   0]]","[0.01, 0.1, 0.01, 0.1, 0.005, 0.05, 0.001, 0.01]",38,2019-05-10 19:10:46.463136
0, S:4 X:0_20 M:0_181 M2:192_464,0,2,"[0, 1, 3, 4]",0.819,0.827,-0.053,0.0,0.433,0.0,0.983,0.0,0.0,"[[236   4]
 [ 48   0]]","[0.01, 0.1, 0.01, 0.1, 0.005, 0.05, 0.001, 0.01]",56,2019-05-10 19:11:04.042955
0, S:4 X:0_20 M:0_181 M2:192_464,0,3,"[0, 1, 2, 4]",0.833,0.595,0.0,0.0,0.27,0.0,1.0,,0.0,"[[220   0]
 [ 44   0]]","[0.01, 0.1, 0.01, 0.1, 0.005, 0.05, 0.001, 0.01]",74,2019-05-10 19:11:22.582248
0, S:4 X:0_20 M:0_181 M2:192_464,0,4,"[0, 1, 2, 3]",0.833,0.548,0.0,0.0,0.245,0.0,1.0,,0.0,"[[220   0]
 [ 44   0]]","[0.01, 0.1, 0.01, 0.1, 0.005, 0.05, 0.001, 0.01]",92,2019-05-10 19:11:40.162768
0, S:4 X:0_20 M:0_181 M2:192_464,0,0,"[1, 2, 3, 4]",0.833,0.542,0.0,0.0,0.293,0.0,1.0,,0.0,"[[280   0]
 [ 56   0]]","[0.01, 0.1, 0.01, 0.1, 0.005, 0.05, 0.001, 0.01]",20,2019-05-10 19:12:07.563451
0, S:4 X:0_20 M:0_181 M2:192_464,0,1,"[0, 2, 3, 4]",0.615,0.66,0.264,0.4,0.238,0.769,0.585,0.27,0.769,"[[152 108]
 [ 12  40]]","[0.01, 0.1, 0.01, 0.1, 0.005, 0.05, 0.001, 0.01]",36,2019-05-10 19:12:24.156217
0, S:4 X:0_20 M:0_181 M2:192_464,0,2,"[0, 1, 3, 4]",0.774,0.792,0.502,0.57,0.365,0.896,0.75,0.417,0.896,"[[180  60]
 [  5  43]]","[0.01, 0.1, 0.01, 0.1, 0.005, 0.05, 0.001, 0.01]",53,2019-05-10 19:12:40.578176
0, S:4 X:0_20 M:0_181 M2:192_464,0,3,"[0, 1, 2, 4]",0.833,0.58,0.0,0.0,0.209,0.0,1.0,,0.0,"[[220   0]
 [ 44   0]]","[0.01, 0.1, 0.01, 0.1, 0.005, 0.05, 0.001, 0.01]",69,2019-05-10 19:12:56.795766
0, S:4 X:0_20 M:0_181 M2:192_464,0,4,"[0, 1, 2, 3]",0.833,0.603,0.0,0.0,0.235,0.0,1.0,,0.0,"[[220   0]
 [ 44   0]]","[0.01, 0.1, 0.01, 0.1, 0.005, 0.05, 0.001, 0.01]",85,2019-05-10 19:13:13.231202
0, S:4 X:0_20 M:0_181 M2:192_464,0,0,"[1, 2, 3, 4]",0.179,0.636,-0.158,0.258,0.246,0.857,0.043,0.152,0.857,"[[ 12 268]
 [  8  48]]","[0.01, 0.1, 0.01, 0.1, 0.005, 0.05, 0.001, 0.01]",19,2019-05-10 19:13:38.493809
0, S:4 X:0_20 M:0_181 M2:192_464,0,1,"[0, 2, 3, 4]",0.833,0.713,0.0,0.0,0.3,0.0,1.0,,0.0,"[[260   0]
 [ 52   0]]","[0.01, 0.1, 0.01, 0.1, 0.005, 0.05, 0.001, 0.01]",35,2019-05-10 19:13:54.646695
0, S:4 X:0_20 M:0_181 M2:192_464,0,2,"[0, 1, 3, 4]",0.833,0.883,0.0,0.0,0.462,0.0,1.0,,0.0,"[[240   0]
 [ 48   0]]","[0.01, 0.1, 0.01, 0.1, 0.005, 0.05, 0.001, 0.01]",51,2019-05-10 19:14:10.792311
0, S:4 X:0_20 M:0_181 M2:192_464,0,3,"[0, 1, 2, 4]",0.833,0.578,0.0,0.0,0.212,0.0,1.0,,0.0,"[[220   0]
 [ 44   0]]","[0.01, 0.1, 0.01, 0.1, 0.005, 0.05, 0.001, 0.01]",68,2019-05-10 19:14:26.955914
0, S:4 X:0_20 M:0_181 M2:192_464,0,4,"[0, 1, 2, 3]",0.833,0.466,0.0,0.0,0.187,0.0,1.0,,0.0,"[[220   0]
 [ 44   0]]","[0.01, 0.1, 0.01, 0.1, 0.005, 0.05, 0.001, 0.01]",84,2019-05-10 19:14:43.219829
0, S:4 X:0_20 M:0_181 M2:192_464,0,0,"[1, 2, 3, 4]",0.786,0.672,0.0,0.1,0.284,0.071,0.929,0.167,0.071,"[[260  20]
 [ 52   4]]","[0.01, 0.1, 0.01, 0.1, 0.005, 0.05, 0.001, 0.01]",19,2019-05-10 19:15:07.424474
0, S:4 X:0_20 M:0_181 M2:192_464,0,1,"[0, 2, 3, 4]",0.833,0.644,0.0,0.0,0.366,0.0,1.0,,0.0,"[[260   0]
 [ 52   0]]","[0.01, 0.1, 0.01, 0.1, 0.005, 0.05, 0.001, 0.01]",35,2019-05-10 19:15:23.810202
0, S:4 X:0_20 M:0_181 M2:192_464,0,2,"[0, 1, 3, 4]",0.562,0.814,0.321,0.417,0.417,0.938,0.488,0.268,0.938,"[[117 123]
 [  3  45]]","[0.01, 0.1, 0.01, 0.1, 0.005, 0.05, 0.001, 0.01]",52,2019-05-10 19:15:40.397734
0, S:4 X:0_20 M:0_181 M2:192_464,0,3,"[0, 1, 2, 4]",0.833,0.596,0.0,0.0,0.196,0.0,1.0,,0.0,"[[220   0]
 [ 44   0]]","[0.01, 0.1, 0.01, 0.1, 0.005, 0.05, 0.001, 0.01]",68,2019-05-10 19:15:57.143437
0, S:4 X:0_20 M:0_181 M2:192_464,0,4,"[0, 1, 2, 3]",0.807,0.464,-0.074,0.0,0.181,0.0,0.968,0.0,0.0,"[[213   7]
 [ 44   0]]","[0.01, 0.1, 0.01, 0.1, 0.005, 0.05, 0.001, 0.01]",85,2019-05-10 19:16:13.553881
0, S:4 X:0_20 M:0_181 M2:192_464,0,0,"[1, 2, 3, 4]",0.833,0.689,0.0,0.0,0.327,0.0,1.0,,0.0,"[[280   0]
 [ 56   0]]","[0.01, 0.1, 0.01, 0.1, 0.005, 0.05, 0.001, 0.01]",19,2019-05-10 19:16:38.270864
0, S:4 X:0_20 M:0_181 M2:192_464,0,1,"[0, 2, 3, 4]",0.833,0.719,0.0,0.0,0.39,0.0,1.0,,0.0,"[[260   0]
 [ 52   0]]","[0.01, 0.1, 0.01, 0.1, 0.005, 0.05, 0.001, 0.01]",35,2019-05-10 19:16:54.014068
0, S:4 X:0_20 M:0_181 M2:192_464,0,2,"[0, 1, 3, 4]",0.833,0.802,0.0,0.0,0.442,0.0,1.0,,0.0,"[[240   0]
 [ 48   0]]","[0.01, 0.1, 0.01, 0.1, 0.005, 0.05, 0.001, 0.01]",51,2019-05-10 19:17:09.909559
0, S:4 X:0_20 M:0_181 M2:192_464,0,3,"[0, 1, 2, 4]",0.205,0.629,0.089,0.295,0.23,1.0,0.045,0.173,1.0,"[[ 10 210]
 [  0  44]]","[0.01, 0.1, 0.01, 0.1, 0.005, 0.05, 0.001, 0.01]",67,2019-05-10 19:17:25.990418
0, S:4 X:0_20 M:0_181 M2:192_464,0,4,"[0, 1, 2, 3]",0.833,0.561,0.0,0.0,0.22,0.0,1.0,,0.0,"[[220   0]
 [ 44   0]]","[0.01, 0.1, 0.01, 0.1, 0.005, 0.05, 0.001, 0.01]",83,2019-05-10 19:17:42.005077
0, S:4 X:0_20 M:0_181 M2:192_464,0,0,"[1, 2, 3, 4]",0.833,0.69,0.0,0.0,0.518,0.0,1.0,,0.0,"[[280   0]
 [ 56   0]]","[0.01, 0.1, 0.01, 0.1, 0.005, 0.05, 0.001, 0.01]",19,2019-05-10 19:18:06.581722
0, S:4 X:0_20 M:0_181 M2:192_464,0,1,"[0, 2, 3, 4]",0.744,0.57,0.077,0.231,0.307,0.231,0.846,0.231,0.231,"[[220  40]
 [ 40  12]]","[0.01, 0.1, 0.01, 0.1, 0.005, 0.05, 0.001, 0.01]",35,2019-05-10 19:18:22.618771
0, S:4 X:0_20 M:0_181 M2:192_464,0,2,"[0, 1, 3, 4]",0.736,0.831,0.017,0.174,0.363,0.167,0.85,0.182,0.167,"[[204  36]
 [ 40   8]]","[0.01, 0.1, 0.01, 0.1, 0.005, 0.05, 0.001, 0.01]",51,2019-05-10 19:18:38.626795
0, S:4 X:0_20 M:0_181 M2:192_464,0,3,"[0, 1, 2, 4]",0.833,0.403,0.0,0.0,0.14,0.0,1.0,,0.0,"[[220   0]
 [ 44   0]]","[0.01, 0.1, 0.01, 0.1, 0.005, 0.05, 0.001, 0.01]",68,2019-05-10 19:18:55.205700
0, S:4 X:0_20 M:0_181 M2:192_464,0,4,"[0, 1, 2, 3]",0.833,0.565,0.158,0.154,0.221,0.091,0.982,0.5,0.091,"[[216   4]
 [ 40   4]]","[0.01, 0.1, 0.01, 0.1, 0.005, 0.05, 0.001, 0.01]",83,2019-05-10 19:19:11.105170
0, S:4 X:0_20 M:0_181 M2:192_464,0,0,"[1, 2, 3, 4]",0.833,0.481,0.0,0.0,0.175,0.0,1.0,,0.0,"[[280   0]
 [ 56   0]]","[0.01, 0.1, 0.01, 0.1, 0.005, 0.05, 0.001, 0.01]",19,2019-05-10 19:19:36.873685
0, S:4 X:0_20 M:0_181 M2:192_464,0,1,"[0, 2, 3, 4]",0.785,0.716,0.256,0.385,0.49,0.404,0.862,0.368,0.404,"[[224  36]
 [ 31  21]]","[0.01, 0.1, 0.01, 0.1, 0.005, 0.05, 0.001, 0.01]",36,2019-05-10 19:19:53.581802
0, S:4 X:0_20 M:0_181 M2:192_464,0,2,"[0, 1, 3, 4]",0.701,0.767,0.233,0.386,0.375,0.562,0.729,0.293,0.562,"[[175  65]
 [ 21  27]]","[0.01, 0.1, 0.01, 0.1, 0.005, 0.05, 0.001, 0.01]",53,2019-05-10 19:20:10.518590
0, S:4 X:0_20 M:0_181 M2:192_464,0,3,"[0, 1, 2, 4]",0.667,0.568,0.237,0.389,0.222,0.636,0.673,0.28,0.636,"[[148  72]
 [ 16  28]]","[0.01, 0.1, 0.01, 0.1, 0.005, 0.05, 0.001, 0.01]",70,2019-05-10 19:20:27.546444
0, S:4 X:0_20 M:0_181 M2:192_464,0,4,"[0, 1, 2, 3]",0.803,0.477,0.057,0.133,0.243,0.091,0.945,0.25,0.091,"[[208  12]
 [ 40   4]]","[0.01, 0.1, 0.01, 0.1, 0.005, 0.05, 0.001, 0.01]",87,2019-05-10 19:20:44.753112
0, S:4 X:0_20 M:0_181 M2:192_464,0,0,"[1, 2, 3, 4]",0.833,0.709,0.0,0.0,0.427,0.0,1.0,,0.0,"[[280   0]
 [ 56   0]]","[0.01, 0.1, 0.01, 0.1, 0.005, 0.05, 0.001, 0.01]",19,2019-05-10 19:21:10.166179
0, S:4 X:0_20 M:0_181 M2:192_464,0,1,"[0, 2, 3, 4]",0.833,0.541,0.0,0.0,0.17,0.0,1.0,,0.0,"[[260   0]
 [ 52   0]]","[0.01, 0.1, 0.01, 0.1, 0.005, 0.05, 0.001, 0.01]",37,2019-05-10 19:21:27.259471
0, S:4 X:0_20 M:0_181 M2:192_464,0,2,"[0, 1, 3, 4]",0.792,0.78,0.169,0.286,0.338,0.25,0.9,0.333,0.25,"[[216  24]
 [ 36  12]]","[0.01, 0.1, 0.01, 0.1, 0.005, 0.05, 0.001, 0.01]",54,2019-05-10 19:21:44.364560
0, S:4 X:0_20 M:0_181 M2:192_464,0,3,"[0, 1, 2, 4]",0.818,0.588,-0.055,0.0,0.217,0.0,0.982,0.0,0.0,"[[216   4]
 [ 44   0]]","[0.01, 0.1, 0.01, 0.1, 0.005, 0.05, 0.001, 0.01]",71,2019-05-10 19:22:01.767813
0, S:4 X:0_20 M:0_181 M2:192_464,0,4,"[0, 1, 2, 3]",0.833,0.563,0.158,0.154,0.229,0.091,0.982,0.5,0.091,"[[216   4]
 [ 40   4]]","[0.01, 0.1, 0.01, 0.1, 0.005, 0.05, 0.001, 0.01]",88,2019-05-10 19:22:18.582779
0, S:4 X:0_20 M:0_181 M2:192_464,0,0,"[1, 2, 3, 4]",0.833,0.459,0.0,0.0,0.212,0.0,1.0,,0.0,"[[280   0]
 [ 56   0]]","[0.01, 0.1, 0.01, 0.1, 0.005, 0.05, 0.001, 0.01]",19,2019-05-10 19:22:43.789875
0, S:4 X:0_20 M:0_181 M2:192_464,0,1,"[0, 2, 3, 4]",0.401,0.721,0.247,0.357,0.278,1.0,0.281,0.218,1.0,"[[ 73 187]
 [  0  52]]","[0.01, 0.1, 0.01, 0.1, 0.005, 0.05, 0.001, 0.01]",35,2019-05-10 19:22:59.993086
0, S:4 X:0_20 M:0_181 M2:192_464,0,2,"[0, 1, 3, 4]",0.833,0.712,0.0,0.0,0.368,0.0,1.0,,0.0,"[[240   0]
 [ 48   0]]","[0.01, 0.1, 0.01, 0.1, 0.005, 0.05, 0.001, 0.01]",51,2019-05-10 19:23:16.058222
0, S:4 X:0_20 M:0_181 M2:192_464,0,3,"[0, 1, 2, 4]",0.167,0.518,0.0,0.286,0.172,1.0,0.0,0.167,1.0,"[[  0 220]
 [  0  44]]","[0.01, 0.1, 0.01, 0.1, 0.005, 0.05, 0.001, 0.01]",68,2019-05-10 19:23:32.278846
0, S:4 X:0_20 M:0_181 M2:192_464,0,4,"[0, 1, 2, 3]",0.833,0.479,0.0,0.0,0.242,0.0,1.0,,0.0,"[[220   0]
 [ 44   0]]","[0.01, 0.1, 0.01, 0.1, 0.005, 0.05, 0.001, 0.01]",83,2019-05-10 19:23:48.032762
0, S:4 X:0_20 M:0_181 M2:192_464,0,0,"[1, 2, 3, 4]",0.833,0.502,0.0,0.0,0.279,0.0,1.0,,0.0,"[[280   0]
 [ 56   0]]","[0.01, 0.1, 0.01, 0.1, 0.005, 0.05, 0.001, 0.01]",19,2019-05-10 19:24:12.816311
0, S:4 X:0_20 M:0_181 M2:192_464,0,1,"[0, 2, 3, 4]",0.833,0.71,0.0,0.0,0.32,0.0,1.0,,0.0,"[[260   0]
 [ 52   0]]","[0.01, 0.1, 0.01, 0.1, 0.005, 0.05, 0.001, 0.01]",35,2019-05-10 19:24:28.644544
0, S:4 X:0_20 M:0_181 M2:192_464,0,2,"[0, 1, 3, 4]",0.833,0.846,0.0,0.0,0.502,0.0,1.0,,0.0,"[[240   0]
 [ 48   0]]","[0.01, 0.1, 0.01, 0.1, 0.005, 0.05, 0.001, 0.01]",51,2019-05-10 19:24:44.700110
0, S:4 X:0_20 M:0_181 M2:192_464,0,3,"[0, 1, 2, 4]",0.833,0.496,0.0,0.0,0.169,0.0,1.0,,0.0,"[[220   0]
 [ 44   0]]","[0.01, 0.1, 0.01, 0.1, 0.005, 0.05, 0.001, 0.01]",67,2019-05-10 19:25:00.512604
0, S:4 X:0_20 M:0_181 M2:192_464,0,4,"[0, 1, 2, 3]",0.833,0.549,0.0,0.0,0.291,0.0,1.0,,0.0,"[[220   0]
 [ 44   0]]","[0.01, 0.1, 0.01, 0.1, 0.005, 0.05, 0.001, 0.01]",83,2019-05-10 19:25:16.775283
0,rpAApep RP S:4 X:0_20 M:0_181 M2:192_464,0,0,"[1, 2, 3, 4]",0.771,0.858,0.503,0.562,0.447,0.915,0.744,0.406,0.915,"[[183  63]
 [  4  43]]","[0.01, 0.1, 0.01, 0.1, 0.005, 0.05, 0.001, 0.01]",24,2019-05-10 23:50:41.716175
0,rpAApep RP S:4 X:0_20 M:0_181 M2:192_464,0,1,"[0, 2, 3, 4]",0.833,0.738,0.395,0.495,0.381,0.5,0.898,0.49,0.5,"[[220  25]
 [ 24  24]]","[0.01, 0.1, 0.01, 0.1, 0.005, 0.05, 0.001, 0.01]",44,2019-05-10 23:51:01.819822
0,rpAApep RP S:4 X:0_20 M:0_181 M2:192_464,0,2,"[0, 1, 3, 4]",0.73,0.672,-0.01,0.151,0.327,0.146,0.845,0.156,0.146,"[[207  38]
 [ 41   7]]","[0.01, 0.1, 0.01, 0.1, 0.005, 0.05, 0.001, 0.01]",65,2019-05-10 23:51:22.469226
0,rpAApep RP S:4 X:0_20 M:0_181 M2:192_464,0,3,"[0, 1, 2, 4]",0.433,0.853,0.252,0.357,0.488,0.979,0.329,0.218,0.979,"[[ 81 165]
 [  1  46]]","[0.01, 0.1, 0.01, 0.1, 0.005, 0.05, 0.001, 0.01]",84,2019-05-10 23:51:42.381702
0,rpAApep RP S:4 X:0_20 M:0_181 M2:192_464,0,4,"[0, 1, 2, 3]",0.815,0.523,0.0,0.0,0.23,0.0,1.0,,0.0,"[[238   0]
 [ 54   0]]","[0.01, 0.1, 0.01, 0.1, 0.005, 0.05, 0.001, 0.01]",105,2019-05-10 23:52:02.461057
0,rpAApep RP S:4 X:0_20 M:0_181 M2:192_464,0,0,"[1, 2, 3, 4]",0.84,0.798,0.0,0.0,0.516,0.0,1.0,,0.0,"[[246   0]
 [ 47   0]]","[0.01, 0.1, 0.01, 0.1, 0.005, 0.05, 0.001, 0.01]",24,2019-05-10 23:52:30.642305
0,rpAApep RP S:4 X:0_20 M:0_181 M2:192_464,0,1,"[0, 2, 3, 4]",0.833,0.807,0.353,0.449,0.585,0.417,0.914,0.488,0.417,"[[224  21]
 [ 28  20]]","[0.01, 0.1, 0.01, 0.1, 0.005, 0.05, 0.001, 0.01]",44,2019-05-10 23:52:51.055011
0,rpAApep RP S:4 X:0_20 M:0_181 M2:192_464,0,2,"[0, 1, 3, 4]",0.611,0.697,0.235,0.38,0.431,0.729,0.588,0.257,0.729,"[[144 101]
 [ 13  35]]","[0.01, 0.1, 0.01, 0.1, 0.005, 0.05, 0.001, 0.01]",65,2019-05-10 23:53:11.267822
0,rpAApep RP S:4 X:0_20 M:0_181 M2:192_464,0,3,"[0, 1, 2, 4]",0.741,0.842,0.341,0.457,0.496,0.681,0.752,0.344,0.681,"[[185  61]
 [ 15  32]]","[0.01, 0.1, 0.01, 0.1, 0.005, 0.05, 0.001, 0.01]",84,2019-05-10 23:53:30.332819
0,rpAApep RP S:4 X:0_20 M:0_181 M2:192_464,0,4,"[0, 1, 2, 3]",0.815,0.669,0.0,0.0,0.275,0.0,1.0,,0.0,"[[238   0]
 [ 54   0]]","[0.01, 0.1, 0.01, 0.1, 0.005, 0.05, 0.001, 0.01]",103,2019-05-10 23:53:49.581285
0,rpAApep RP S:4 X:0_20 M:0_181 M2:192_464,0,0,"[1, 2, 3, 4]",0.85,0.804,0.233,0.12,0.444,0.064,1.0,1.0,0.064,"[[246   0]
 [ 44   3]]","[0.01, 0.1, 0.01, 0.1, 0.005, 0.05, 0.001, 0.01]",23,2019-05-10 23:54:17.558393
0,rpAApep RP S:4 X:0_20 M:0_181 M2:192_464,0,1,"[0, 2, 3, 4]",0.836,0.722,0.0,0.0,0.373,0.0,1.0,,0.0,"[[245   0]
 [ 48   0]]","[0.01, 0.1, 0.01, 0.1, 0.005, 0.05, 0.001, 0.01]",43,2019-05-10 23:54:37.869743
0,rpAApep RP S:4 X:0_20 M:0_181 M2:192_464,0,2,"[0, 1, 3, 4]",0.546,0.706,0.241,0.376,0.342,0.833,0.49,0.242,0.833,"[[120 125]
 [  8  40]]","[0.01, 0.1, 0.01, 0.1, 0.005, 0.05, 0.001, 0.01]",63,2019-05-10 23:54:57.649151
0,rpAApep RP S:4 X:0_20 M:0_181 M2:192_464,0,3,"[0, 1, 2, 4]",0.16,0.5,0.0,0.276,0.16,1.0,0.0,0.16,1.0,"[[  0 246]
 [  0  47]]","[0.01, 0.1, 0.01, 0.1, 0.005, 0.05, 0.001, 0.01]",83,2019-05-10 23:55:17.399938
0,rpAApep RP S:4 X:0_20 M:0_181 M2:192_464,0,4,"[0, 1, 2, 3]",0.815,0.79,0.0,0.0,0.36,0.0,1.0,,0.0,"[[238   0]
 [ 54   0]]","[0.01, 0.1, 0.01, 0.1, 0.005, 0.05, 0.001, 0.01]",102,2019-05-10 23:55:36.864666
0,rpAApep RP S:4 X:0_20 M:0_181 M2:192_464,0,0,"[1, 2, 3, 4]",0.584,0.718,0.168,0.337,0.318,0.66,0.569,0.226,0.66,"[[140 106]
 [ 16  31]]","[0.01, 0.1, 0.01, 0.1, 0.005, 0.05, 0.001, 0.01]",22,2019-05-10 23:56:02.733126
0,rpAApep RP S:4 X:0_20 M:0_181 M2:192_464,0,1,"[0, 2, 3, 4]",0.836,0.691,0.0,0.0,0.324,0.0,1.0,,0.0,"[[245   0]
 [ 48   0]]","[0.01, 0.1, 0.01, 0.1, 0.005, 0.05, 0.001, 0.01]",41,2019-05-10 23:56:21.972706
0,rpAApep RP S:4 X:0_20 M:0_181 M2:192_464,0,2,"[0, 1, 3, 4]",0.836,0.82,0.0,0.0,0.401,0.0,1.0,,0.0,"[[245   0]
 [ 48   0]]","[0.01, 0.1, 0.01, 0.1, 0.005, 0.05, 0.001, 0.01]",60,2019-05-10 23:56:40.966508
0,rpAApep RP S:4 X:0_20 M:0_181 M2:192_464,0,3,"[0, 1, 2, 4]",0.836,0.883,0.433,0.529,0.61,0.574,0.886,0.491,0.574,"[[218  28]
 [ 20  27]]","[0.01, 0.1, 0.01, 0.1, 0.005, 0.05, 0.001, 0.01]",78,2019-05-10 23:56:59.006594
0,rpAApep RP S:4 X:0_20 M:0_181 M2:192_464,0,4,"[0, 1, 2, 3]",0.815,0.756,0.0,0.0,0.609,0.0,1.0,,0.0,"[[238   0]
 [ 54   0]]","[0.01, 0.1, 0.01, 0.1, 0.005, 0.05, 0.001, 0.01]",97,2019-05-10 23:57:18.042381
0,rpAApep RP S:4 X:0_20 M:0_181 M2:192_464,0,0,"[1, 2, 3, 4]",0.792,0.862,0.284,0.408,0.557,0.447,0.858,0.375,0.447,"[[211  35]
 [ 26  21]]","[0.01, 0.1, 0.01, 0.1, 0.005, 0.05, 0.001, 0.01]",22,2019-05-10 23:57:44.343419
0,rpAApep RP S:4 X:0_20 M:0_181 M2:192_464,0,1,"[0, 2, 3, 4]",0.751,0.723,0.155,0.305,0.374,0.333,0.833,0.281,0.333,"[[204  41]
 [ 32  16]]","[0.01, 0.1, 0.01, 0.1, 0.005, 0.05, 0.001, 0.01]",41,2019-05-10 23:58:02.861883
0,rpAApep RP S:4 X:0_20 M:0_181 M2:192_464,0,2,"[0, 1, 3, 4]",0.823,0.719,0.095,0.133,0.313,0.083,0.967,0.333,0.083,"[[237   8]
 [ 44   4]]","[0.01, 0.1, 0.01, 0.1, 0.005, 0.05, 0.001, 0.01]",59,2019-05-10 23:58:21.030381
0,rpAApep RP S:4 X:0_20 M:0_181 M2:192_464,0,3,"[0, 1, 2, 4]",0.853,0.854,0.364,0.427,0.647,0.34,0.951,0.571,0.34,"[[234  12]
 [ 31  16]]","[0.01, 0.1, 0.01, 0.1, 0.005, 0.05, 0.001, 0.01]",77,2019-05-10 23:58:39.063239
0,rpAApep RP S:4 X:0_20 M:0_181 M2:192_464,0,4,"[0, 1, 2, 3]",0.815,0.834,0.0,0.0,0.49,0.0,1.0,,0.0,"[[238   0]
 [ 54   0]]","[0.01, 0.1, 0.01, 0.1, 0.005, 0.05, 0.001, 0.01]",96,2019-05-10 23:58:57.788778
0,rpAApep RP S:4 X:0_20 M:0_181 M2:192_464,0,0,"[1, 2, 3, 4]",0.843,0.827,0.192,0.179,0.487,0.106,0.984,0.556,0.106,"[[242   4]
 [ 42   5]]","[0.01, 0.1, 0.01, 0.1, 0.005, 0.05, 0.001, 0.01]",22,2019-05-10 23:59:23.928630
0,rpAApep RP S:4 X:0_20 M:0_181 M2:192_464,0,1,"[0, 2, 3, 4]",0.836,0.768,0.0,0.0,0.321,0.0,1.0,,0.0,"[[245   0]
 [ 48   0]]","[0.01, 0.1, 0.01, 0.1, 0.005, 0.05, 0.001, 0.01]",41,2019-05-10 23:59:42.431043
0,rpAApep RP S:4 X:0_20 M:0_181 M2:192_464,0,2,"[0, 1, 3, 4]",0.836,0.786,0.0,0.0,0.389,0.0,1.0,,0.0,"[[245   0]
 [ 48   0]]","[0.01, 0.1, 0.01, 0.1, 0.005, 0.05, 0.001, 0.01]",59,2019-05-11 00:00:00.676961
0,rpAApep RP S:4 X:0_20 M:0_181 M2:192_464,0,3,"[0, 1, 2, 4]",0.519,0.877,0.327,0.4,0.478,1.0,0.427,0.25,1.0,"[[105 141]
 [  0  47]]","[0.01, 0.1, 0.01, 0.1, 0.005, 0.05, 0.001, 0.01]",77,2019-05-11 00:00:18.586462
0,rpAApep RP S:4 X:0_20 M:0_181 M2:192_464,0,4,"[0, 1, 2, 3]",0.822,0.788,0.358,0.458,0.598,0.407,0.916,0.524,0.407,"[[218  20]
 [ 32  22]]","[0.01, 0.1, 0.01, 0.1, 0.005, 0.05, 0.001, 0.01]",96,2019-05-11 00:00:37.937475
0,rpAApep RP S:4 X:0_20 M:0_181 M2:192_464,0,0,"[1, 2, 3, 4]",0.768,0.849,0.319,0.443,0.445,0.574,0.805,0.36,0.574,"[[198  48]
 [ 20  27]]","[0.01, 0.1, 0.01, 0.1, 0.005, 0.05, 0.001, 0.01]",22,2019-05-11 00:01:03.601429
0,rpAApep RP S:4 X:0_20 M:0_181 M2:192_464,0,1,"[0, 2, 3, 4]",0.795,0.779,0.324,0.444,0.42,0.5,0.853,0.4,0.5,"[[209  36]
 [ 24  24]]","[0.01, 0.1, 0.01, 0.1, 0.005, 0.05, 0.001, 0.01]",41,2019-05-11 00:01:22.840215
0,rpAApep RP S:4 X:0_20 M:0_181 M2:192_464,0,2,"[0, 1, 3, 4]",0.836,0.806,0.0,0.0,0.344,0.0,1.0,,0.0,"[[245   0]
 [ 48   0]]","[0.01, 0.1, 0.01, 0.1, 0.005, 0.05, 0.001, 0.01]",60,2019-05-11 00:01:41.796862
0,rpAApep RP S:4 X:0_20 M:0_181 M2:192_464,0,3,"[0, 1, 2, 4]",0.84,0.775,0.0,0.0,0.625,0.0,1.0,,0.0,"[[246   0]
 [ 47   0]]","[0.01, 0.1, 0.01, 0.1, 0.005, 0.05, 0.001, 0.01]",79,2019-05-11 00:02:01.328566
0,rpAApep RP S:4 X:0_20 M:0_181 M2:192_464,0,4,"[0, 1, 2, 3]",0.836,0.75,0.424,0.52,0.546,0.481,0.916,0.565,0.481,"[[218  20]
 [ 28  26]]","[0.01, 0.1, 0.01, 0.1, 0.005, 0.05, 0.001, 0.01]",99,2019-05-11 00:02:20.774156
0,rpAApep RP S:4 X:0_20 M:0_181 M2:192_464,0,0,"[1, 2, 3, 4]",0.16,0.498,0.0,0.276,0.159,1.0,0.0,0.16,1.0,"[[  0 246]
 [  0  47]]","[0.01, 0.1, 0.01, 0.1, 0.005, 0.05, 0.001, 0.01]",22,2019-05-11 00:02:47.243930
0,rpAApep RP S:4 X:0_20 M:0_181 M2:192_464,0,1,"[0, 2, 3, 4]",0.809,0.768,0.056,0.125,0.362,0.083,0.951,0.25,0.083,"[[233  12]
 [ 44   4]]","[0.01, 0.1, 0.01, 0.1, 0.005, 0.05, 0.001, 0.01]",41,2019-05-11 00:03:06.509016
0,rpAApep RP S:4 X:0_20 M:0_181 M2:192_464,0,2,"[0, 1, 3, 4]",0.836,0.816,0.0,0.0,0.476,0.0,1.0,,0.0,"[[245   0]
 [ 48   0]]","[0.01, 0.1, 0.01, 0.1, 0.005, 0.05, 0.001, 0.01]",61,2019-05-11 00:03:25.693374
0,rpAApep RP S:4 X:0_20 M:0_181 M2:192_464,0,3,"[0, 1, 2, 4]",0.833,0.895,0.546,0.614,0.599,0.83,0.833,0.488,0.83,"[[205  41]
 [  8  39]]","[0.01, 0.1, 0.01, 0.1, 0.005, 0.05, 0.001, 0.01]",80,2019-05-11 00:03:45.103880
0,rpAApep RP S:4 X:0_20 M:0_181 M2:192_464,0,4,"[0, 1, 2, 3]",0.733,0.662,0.261,0.418,0.571,0.519,0.782,0.35,0.519,"[[186  52]
 [ 26  28]]","[0.01, 0.1, 0.01, 0.1, 0.005, 0.05, 0.001, 0.01]",100,2019-05-11 00:04:05.372136
0,rpAApep RP S:4 X:0_20 M:0_181 M2:192_464,0,0,"[1, 2, 3, 4]",0.85,0.888,0.233,0.12,0.577,0.064,1.0,1.0,0.064,"[[246   0]
 [ 44   3]]","[0.01, 0.1, 0.01, 0.1, 0.005, 0.05, 0.001, 0.01]",22,2019-05-11 00:04:32.850233
0,rpAApep RP S:4 X:0_20 M:0_181 M2:192_464,0,1,"[0, 2, 3, 4]",0.505,0.838,0.262,0.378,0.519,0.917,0.424,0.238,0.917,"[[104 141]
 [  4  44]]","[0.01, 0.1, 0.01, 0.1, 0.005, 0.05, 0.001, 0.01]",42,2019-05-11 00:04:52.863993
0,rpAApep RP S:4 X:0_20 M:0_181 M2:192_464,0,2,"[0, 1, 3, 4]",0.836,0.702,0.0,0.0,0.42,0.0,1.0,,0.0,"[[245   0]
 [ 48   0]]","[0.01, 0.1, 0.01, 0.1, 0.005, 0.05, 0.001, 0.01]",63,2019-05-11 00:05:13.597791
0,rpAApep RP S:4 X:0_20 M:0_181 M2:192_464,0,3,"[0, 1, 2, 4]",0.84,0.87,0.0,0.0,0.527,0.0,1.0,,0.0,"[[246   0]
 [ 47   0]]","[0.01, 0.1, 0.01, 0.1, 0.005, 0.05, 0.001, 0.01]",83,2019-05-11 00:05:33.665107
0,rpAApep RP S:4 X:0_20 M:0_181 M2:192_464,0,4,"[0, 1, 2, 3]",0.822,0.742,0.285,0.35,0.52,0.259,0.95,0.538,0.259,"[[226  12]
 [ 40  14]]","[0.01, 0.1, 0.01, 0.1, 0.005, 0.05, 0.001, 0.01]",104,2019-05-11 00:05:54.485778
0,rpAApep RP S:4 X:0_20 M:0_181 M2:192_464,0,0,"[1, 2, 3, 4]",0.771,0.888,0.548,0.584,0.557,1.0,0.728,0.412,1.0,"[[179  67]
 [  0  47]]","[0.01, 0.1, 0.01, 0.1, 0.005, 0.05, 0.001, 0.01]",23,2019-05-11 00:06:24.753707
0,rpAApep RP S:4 X:0_20 M:0_181 M2:192_464,0,1,"[0, 2, 3, 4]",0.836,0.805,0.0,0.0,0.379,0.0,1.0,,0.0,"[[245   0]
 [ 48   0]]","[0.01, 0.1, 0.01, 0.1, 0.005, 0.05, 0.001, 0.01]",44,2019-05-11 00:06:45.790012
0,rpAApep RP S:4 X:0_20 M:0_181 M2:192_464,0,2,"[0, 1, 3, 4]",0.164,0.5,0.0,0.282,0.164,1.0,0.0,0.164,1.0,"[[  0 245]
 [  0  48]]","[0.01, 0.1, 0.01, 0.1, 0.005, 0.05, 0.001, 0.01]",65,2019-05-11 00:07:06.817934
0,rpAApep RP S:4 X:0_20 M:0_181 M2:192_464,0,3,"[0, 1, 2, 4]",0.836,0.873,0.473,0.564,0.583,0.66,0.87,0.492,0.66,"[[214  32]
 [ 16  31]]","[0.01, 0.1, 0.01, 0.1, 0.005, 0.05, 0.001, 0.01]",85,2019-05-11 00:07:27.463726
0,rpAApep RP S:4 X:0_20 M:0_181 M2:192_464,0,4,"[0, 1, 2, 3]",0.815,0.837,0.0,0.0,0.509,0.0,1.0,,0.0,"[[238   0]
 [ 54   0]]","[0.01, 0.1, 0.01, 0.1, 0.005, 0.05, 0.001, 0.01]",105,2019-05-11 00:07:47.545098
0,rpAApep RP S:4 X:0_20 M:0_181 M2:192_464,0,0,"[1, 2, 3, 4]",0.84,0.848,0.155,0.145,0.428,0.085,0.984,0.5,0.085,"[[242   4]
 [ 43   4]]","[0.01, 0.1, 0.01, 0.1, 0.005, 0.05, 0.001, 0.01]",22,2019-05-11 00:08:15.803454
0,rpAApep RP S:4 X:0_20 M:0_181 M2:192_464,0,1,"[0, 2, 3, 4]",0.836,0.752,0.0,0.0,0.333,0.0,1.0,,0.0,"[[245   0]
 [ 48   0]]","[0.01, 0.1, 0.01, 0.1, 0.005, 0.05, 0.001, 0.01]",42,2019-05-11 00:08:35.564361
0,rpAApep RP S:4 X:0_20 M:0_181 M2:192_464,0,2,"[0, 1, 3, 4]",0.836,0.722,0.0,0.0,0.456,0.0,1.0,,0.0,"[[245   0]
 [ 48   0]]","[0.01, 0.1, 0.01, 0.1, 0.005, 0.05, 0.001, 0.01]",62,2019-05-11 00:08:55.534900
0,rpAApep RP S:4 X:0_20 M:0_181 M2:192_464,0,3,"[0, 1, 2, 4]",0.464,0.804,0.289,0.375,0.351,1.0,0.362,0.23,1.0,"[[ 89 157]
 [  0  47]]","[0.01, 0.1, 0.01, 0.1, 0.005, 0.05, 0.001, 0.01]",83,2019-05-11 00:09:16.262846
0,rpAApep RP S:4 X:0_20 M:0_181 M2:192_464,0,4,"[0, 1, 2, 3]",0.815,0.795,0.0,0.0,0.445,0.0,1.0,,0.0,"[[238   0]
 [ 54   0]]","[0.01, 0.1, 0.01, 0.1, 0.005, 0.05, 0.001, 0.01]",103,2019-05-11 00:09:36.692139
0,rpAApep RP S:4 X:0_20 M:0_181 M2:192_464,0,0,"[1, 2, 3, 4]",0.84,0.883,0.0,0.0,0.596,0.0,1.0,,0.0,"[[246   0]
 [ 47   0]]","[0.01, 0.1, 0.01, 0.1, 0.005, 0.05, 0.001, 0.01]",23,2019-05-11 00:10:07.428435
0,rpAApep RP S:4 X:0_20 M:0_181 M2:192_464,0,1,"[0, 2, 3, 4]",0.836,0.744,0.0,0.0,0.319,0.0,1.0,,0.0,"[[245   0]
 [ 48   0]]","[0.01, 0.1, 0.01, 0.1, 0.005, 0.05, 0.001, 0.01]",44,2019-05-11 00:10:28.379772
0,rpAApep RP S:4 X:0_20 M:0_181 M2:192_464,0,2,"[0, 1, 3, 4]",0.836,0.799,0.0,0.0,0.5,0.0,1.0,,0.0,"[[245   0]
 [ 48   0]]","[0.01, 0.1, 0.01, 0.1, 0.005, 0.05, 0.001, 0.01]",65,2019-05-11 00:10:48.962574
0,rpAApep RP S:4 X:0_20 M:0_181 M2:192_464,0,3,"[0, 1, 2, 4]",0.457,0.798,0.284,0.372,0.539,1.0,0.354,0.228,1.0,"[[ 87 159]
 [  0  47]]","[0.01, 0.1, 0.01, 0.1, 0.005, 0.05, 0.001, 0.01]",86,2019-05-11 00:11:09.739135
0,rpAApep RP S:4 X:0_20 M:0_181 M2:192_464,0,4,"[0, 1, 2, 3]",0.818,0.796,0.264,0.329,0.592,0.241,0.95,0.52,0.241,"[[226  12]
 [ 41  13]]","[0.01, 0.1, 0.01, 0.1, 0.005, 0.05, 0.001, 0.01]",105,2019-05-11 00:11:29.001797
0,rpAApep RP S:4 X:0_20 M:0_181 M2:192_464,0,0,"[1, 2, 3, 4]",0.826,0.84,0.159,0.215,0.41,0.149,0.955,0.389,0.149,"[[235  11]
 [ 40   7]]","[0.01, 0.1, 0.01, 0.1, 0.005, 0.05, 0.001, 0.01]",24,2019-05-11 00:11:59.188222
0,rpAApep RP S:4 X:0_20 M:0_181 M2:192_464,0,1,"[0, 2, 3, 4]",0.836,0.758,0.0,0.0,0.34,0.0,1.0,,0.0,"[[245   0]
 [ 48   0]]","[0.01, 0.1, 0.01, 0.1, 0.005, 0.05, 0.001, 0.01]",44,2019-05-11 00:12:19.108811
0,rpAApep RP S:4 X:0_20 M:0_181 M2:192_464,0,2,"[0, 1, 3, 4]",0.823,0.756,0.095,0.133,0.335,0.083,0.967,0.333,0.083,"[[237   8]
 [ 44   4]]","[0.01, 0.1, 0.01, 0.1, 0.005, 0.05, 0.001, 0.01]",65,2019-05-11 00:12:39.811101
0,rpAApep RP S:4 X:0_20 M:0_181 M2:192_464,0,3,"[0, 1, 2, 4]",0.85,0.787,0.462,0.551,0.676,0.574,0.902,0.529,0.574,"[[222  24]
 [ 20  27]]","[0.01, 0.1, 0.01, 0.1, 0.005, 0.05, 0.001, 0.01]",86,2019-05-11 00:13:00.603520
0,rpAApep RP S:4 X:0_20 M:0_181 M2:192_464,0,4,"[0, 1, 2, 3]",0.815,0.818,0.0,0.0,0.424,0.0,1.0,,0.0,"[[238   0]
 [ 54   0]]","[0.01, 0.1, 0.01, 0.1, 0.005, 0.05, 0.001, 0.01]",106,2019-05-11 00:13:20.719451
0,rpAApep RP S:4 X:0_20 M:0_181 M2:192_464,0,0,"[1, 2, 3, 4]",0.229,0.628,0.118,0.294,0.208,1.0,0.081,0.172,1.0,"[[ 20 226]
 [  0  47]]","[0.01, 0.1, 0.01, 0.1, 0.005, 0.05, 0.001, 0.01]",23,2019-05-11 00:13:49.736117
0,rpAApep RP S:4 X:0_20 M:0_181 M2:192_464,0,1,"[0, 2, 3, 4]",0.836,0.761,0.0,0.0,0.342,0.0,1.0,,0.0,"[[245   0]
 [ 48   0]]","[0.01, 0.1, 0.01, 0.1, 0.005, 0.05, 0.001, 0.01]",43,2019-05-11 00:14:10.226578
0,rpAApep RP S:4 X:0_20 M:0_181 M2:192_464,0,2,"[0, 1, 3, 4]",0.823,0.665,-0.052,0.0,0.235,0.0,0.984,0.0,0.0,"[[241   4]
 [ 48   0]]","[0.01, 0.1, 0.01, 0.1, 0.005, 0.05, 0.001, 0.01]",65,2019-05-11 00:14:31.268241
0,rpAApep RP S:4 X:0_20 M:0_181 M2:192_464,0,3,"[0, 1, 2, 4]",0.84,0.833,0.0,0.0,0.635,0.0,1.0,,0.0,"[[246   0]
 [ 47   0]]","[0.01, 0.1, 0.01, 0.1, 0.005, 0.05, 0.001, 0.01]",85,2019-05-11 00:14:51.357463
0,rpAApep RP S:4 X:0_20 M:0_181 M2:192_464,0,4,"[0, 1, 2, 3]",0.836,0.853,0.55,0.636,0.573,0.778,0.849,0.538,0.778,"[[202  36]
 [ 12  42]]","[0.01, 0.1, 0.01, 0.1, 0.005, 0.05, 0.001, 0.01]",105,2019-05-11 00:15:11.734481
0,rpAApep RP S:4 X:0_20 M:0_181 M2:192_464,0,0,"[1, 2, 3, 4]",0.744,0.795,0.334,0.453,0.369,0.66,0.76,0.344,0.66,"[[187  59]
 [ 16  31]]","[0.01, 0.1, 0.01, 0.1, 0.005, 0.05, 0.001, 0.01]",23,2019-05-11 00:15:40.748421
0,rpAApep RP S:4 X:0_20 M:0_181 M2:192_464,0,1,"[0, 2, 3, 4]",0.836,0.718,0.0,0.0,0.368,0.0,1.0,,0.0,"[[245   0]
 [ 48   0]]","[0.01, 0.1, 0.01, 0.1, 0.005, 0.05, 0.001, 0.01]",44,2019-05-11 00:16:01.687848
0,rpAApep RP S:4 X:0_20 M:0_181 M2:192_464,0,2,"[0, 1, 3, 4]",0.836,0.67,0.0,0.0,0.347,0.0,1.0,,0.0,"[[245   0]
 [ 48   0]]","[0.01, 0.1, 0.01, 0.1, 0.005, 0.05, 0.001, 0.01]",64,2019-05-11 00:16:21.406633
0,rpAApep RP S:4 X:0_20 M:0_181 M2:192_464,0,3,"[0, 1, 2, 4]",0.812,0.871,-0.073,0.0,0.473,0.0,0.967,0.0,0.0,"[[238   8]
 [ 47   0]]","[0.01, 0.1, 0.01, 0.1, 0.005, 0.05, 0.001, 0.01]",84,2019-05-11 00:16:41.396212
0,rpAApep RP S:4 X:0_20 M:0_181 M2:192_464,0,4,"[0, 1, 2, 3]",0.815,0.741,0.0,0.0,0.32,0.0,1.0,,0.0,"[[238   0]
 [ 54   0]]","[0.01, 0.1, 0.01, 0.1, 0.005, 0.05, 0.001, 0.01]",104,2019-05-11 00:17:01.076428
0,rpAApep RP S:4 X:0_20 M:0_181 M2:192_464,0,0,"[1, 2, 3, 4]",0.768,0.743,0.167,0.306,0.392,0.319,0.854,0.294,0.319,"[[210  36]
 [ 32  15]]","[0.01, 0.1, 0.01, 0.1, 0.005, 0.05, 0.001, 0.01]",23,2019-05-11 00:17:29.927921
0,rpAApep RP S:4 X:0_20 M:0_181 M2:192_464,0,1,"[0, 2, 3, 4]",0.833,0.619,0.112,0.109,0.326,0.062,0.984,0.429,0.062,"[[241   4]
 [ 45   3]]","[0.01, 0.1, 0.01, 0.1, 0.005, 0.05, 0.001, 0.01]",42,2019-05-11 00:17:48.634520
0,rpAApep RP S:4 X:0_20 M:0_181 M2:192_464,0,2,"[0, 1, 3, 4]",0.782,0.815,0.347,0.467,0.399,0.583,0.82,0.389,0.583,"[[201  44]
 [ 20  28]]","[0.01, 0.1, 0.01, 0.1, 0.005, 0.05, 0.001, 0.01]",60,2019-05-11 00:18:07.553202
0,rpAApep RP S:4 X:0_20 M:0_181 M2:192_464,0,3,"[0, 1, 2, 4]",0.874,0.724,0.43,0.351,0.546,0.213,1.0,1.0,0.213,"[[246   0]
 [ 37  10]]","[0.01, 0.1, 0.01, 0.1, 0.005, 0.05, 0.001, 0.01]",80,2019-05-11 00:18:26.860011
0,rpAApep RP S:4 X:0_20 M:0_181 M2:192_464,0,4,"[0, 1, 2, 3]",0.815,0.786,0.0,0.0,0.557,0.0,1.0,,0.0,"[[238   0]
 [ 54   0]]","[0.01, 0.1, 0.01, 0.1, 0.005, 0.05, 0.001, 0.01]",99,2019-05-11 00:18:45.857639
0,rpAApep RP S:4 X:0_20 M:0_181 M2:192_464,0,0,"[1, 2, 3, 4]",0.84,0.818,0.0,0.0,0.53,0.0,1.0,,0.0,"[[246   0]
 [ 47   0]]","[0.01, 0.1, 0.01, 0.1, 0.005, 0.05, 0.001, 0.01]",23,2019-05-11 00:19:14.628190
0,rpAApep RP S:4 X:0_20 M:0_181 M2:192_464,0,1,"[0, 2, 3, 4]",0.724,0.737,0.407,0.497,0.316,0.833,0.702,0.354,0.833,"[[172  73]
 [  8  40]]","[0.01, 0.1, 0.01, 0.1, 0.005, 0.05, 0.001, 0.01]",43,2019-05-11 00:19:33.991375
0,rpAApep RP S:4 X:0_20 M:0_181 M2:192_464,0,2,"[0, 1, 3, 4]",0.836,0.784,0.0,0.0,0.664,0.0,1.0,,0.0,"[[245   0]
 [ 48   0]]","[0.01, 0.1, 0.01, 0.1, 0.005, 0.05, 0.001, 0.01]",62,2019-05-11 00:19:53.283687
0,rpAApep RP S:4 X:0_20 M:0_181 M2:192_464,0,3,"[0, 1, 2, 4]",0.805,0.845,0.409,0.513,0.448,0.638,0.837,0.429,0.638,"[[206  40]
 [ 17  30]]","[0.01, 0.1, 0.01, 0.1, 0.005, 0.05, 0.001, 0.01]",81,2019-05-11 00:20:12.402643
0,rpAApep RP S:4 X:0_20 M:0_181 M2:192_464,0,4,"[0, 1, 2, 3]",0.815,0.7,0.0,0.0,0.319,0.0,1.0,,0.0,"[[238   0]
 [ 54   0]]","[0.01, 0.1, 0.01, 0.1, 0.005, 0.05, 0.001, 0.01]",99,2019-05-11 00:20:30.669483
0,rpAApep RP S:4 X:0_20 M:0_181 M2:192_464,0,0,"[1, 2, 3, 4]",0.84,0.785,0.0,0.0,0.363,0.0,1.0,,0.0,"[[246   0]
 [ 47   0]]","[0.01, 0.1, 0.01, 0.1, 0.005, 0.05, 0.001, 0.01]",21,2019-05-11 00:20:57.452705
0,rpAApep RP S:4 X:0_20 M:0_181 M2:192_464,0,1,"[0, 2, 3, 4]",0.795,0.786,0.227,0.348,0.433,0.333,0.886,0.364,0.333,"[[217  28]
 [ 32  16]]","[0.01, 0.1, 0.01, 0.1, 0.005, 0.05, 0.001, 0.01]",41,2019-05-11 00:21:17.107021
0,rpAApep RP S:4 X:0_20 M:0_181 M2:192_464,0,2,"[0, 1, 3, 4]",0.836,0.633,0.0,0.0,0.358,0.0,1.0,,0.0,"[[245   0]
 [ 48   0]]","[0.01, 0.1, 0.01, 0.1, 0.005, 0.05, 0.001, 0.01]",60,2019-05-11 00:21:36.269268
0,rpAApep RP S:4 X:0_20 M:0_181 M2:192_464,0,3,"[0, 1, 2, 4]",0.84,0.875,0.276,0.338,0.608,0.255,0.951,0.5,0.255,"[[234  12]
 [ 35  12]]","[0.01, 0.1, 0.01, 0.1, 0.005, 0.05, 0.001, 0.01]",79,2019-05-11 00:21:55.031845
0,rpAApep RP S:4 X:0_20 M:0_181 M2:192_464,0,4,"[0, 1, 2, 3]",0.815,0.847,0.0,0.0,0.499,0.0,1.0,,0.0,"[[238   0]
 [ 54   0]]","[0.01, 0.1, 0.01, 0.1, 0.005, 0.05, 0.001, 0.01]",98,2019-05-11 00:22:13.774833
0,rpAApep RP S:4 X:0_20 M:0_181 M2:192_464,0,0,"[1, 2, 3, 4]",0.84,0.777,0.0,0.0,0.371,0.0,1.0,,0.0,"[[246   0]
 [ 47   0]]","[0.01, 0.1, 0.01, 0.1, 0.005, 0.05, 0.001, 0.01]",24,2019-05-11 00:22:41.880560
0,rpAApep RP S:4 X:0_20 M:0_181 M2:192_464,0,1,"[0, 2, 3, 4]",0.836,0.777,0.0,0.0,0.384,0.0,1.0,,0.0,"[[245   0]
 [ 48   0]]","[0.01, 0.1, 0.01, 0.1, 0.005, 0.05, 0.001, 0.01]",44,2019-05-11 00:23:01.966582
0,rpAApep RP S:4 X:0_20 M:0_181 M2:192_464,0,2,"[0, 1, 3, 4]",0.177,0.684,0.052,0.285,0.245,1.0,0.016,0.166,1.0,"[[  4 241]
 [  0  48]]","[0.01, 0.1, 0.01, 0.1, 0.005, 0.05, 0.001, 0.01]",64,2019-05-11 00:23:22.566203
0,rpAApep RP S:4 X:0_20 M:0_181 M2:192_464,0,3,"[0, 1, 2, 4]",0.785,0.868,0.477,0.553,0.493,0.83,0.776,0.415,0.83,"[[191  55]
 [  8  39]]","[0.01, 0.1, 0.01, 0.1, 0.005, 0.05, 0.001, 0.01]",84,2019-05-11 00:23:42.492042
0,rpAApep RP S:4 X:0_20 M:0_181 M2:192_464,0,4,"[0, 1, 2, 3]",0.825,0.767,0.23,0.215,0.53,0.13,0.983,0.636,0.13,"[[234   4]
 [ 47   7]]","[0.01, 0.1, 0.01, 0.1, 0.005, 0.05, 0.001, 0.01]",105,2019-05-11 00:24:03.079974
0,rpAApep RP S:4 X:0_20 M:0_181 M2:192_464,0,0,"[1, 2, 3, 4]",0.188,0.688,0.073,0.283,0.245,1.0,0.033,0.165,1.0,"[[  8 238]
 [  0  47]]","[0.01, 0.1, 0.01, 0.1, 0.005, 0.05, 0.001, 0.01]",23,2019-05-11 00:24:30.549533
0,rpAApep RP S:4 X:0_20 M:0_181 M2:192_464,0,1,"[0, 2, 3, 4]",0.164,0.563,0.0,0.282,0.185,1.0,0.0,0.164,1.0,"[[  0 245]
 [  0  48]]","[0.01, 0.1, 0.01, 0.1, 0.005, 0.05, 0.001, 0.01]",42,2019-05-11 00:24:49.141738
0,rpAApep RP S:4 X:0_20 M:0_181 M2:192_464,0,2,"[0, 1, 3, 4]",0.812,0.734,0.087,0.154,0.285,0.104,0.951,0.294,0.104,"[[233  12]
 [ 43   5]]","[0.01, 0.1, 0.01, 0.1, 0.005, 0.05, 0.001, 0.01]",61,2019-05-11 00:25:08.525575
0,rpAApep RP S:4 X:0_20 M:0_181 M2:192_464,0,3,"[0, 1, 2, 4]",0.84,0.907,0.0,0.0,0.574,0.0,1.0,,0.0,"[[246   0]
 [ 47   0]]","[0.01, 0.1, 0.01, 0.1, 0.005, 0.05, 0.001, 0.01]",80,2019-05-11 00:25:27.762482
0,rpAApep RP S:4 X:0_20 M:0_181 M2:192_464,0,4,"[0, 1, 2, 3]",0.815,0.864,0.243,0.308,0.54,0.222,0.95,0.5,0.222,"[[226  12]
 [ 42  12]]","[0.01, 0.1, 0.01, 0.1, 0.005, 0.05, 0.001, 0.01]",99,2019-05-11 00:25:46.917221
