,Position,All-features,Aminos,Delta AAs -> AAs,Filenames
0,0,-11.5,2.5,-14.0,3tfk_3p_P1_1t_80s_pMHC-TCR.npy
1,1,-9.5,2.5,-12.0,3tfk_3p_P1_1t_90s_pMHC-TCR.npy
2,2,-11.5,2.5,-14.0,3tfk_3p_P1_1t_95s_pMHC-TCR.npy
3,3,-17.5,2.5,-20.0,3tfk_3p_P1_1t_99s_pMHC-TCR.npy
4,4,-3.5,-3.5,0.0,3vxm_3p_P1_1t_80s_pMHC-TCR.npy
5,5,-17.5,-3.5,-14.0,3vxm_3p_P1_1t_90s_pMHC-TCR.npy
6,6,-11.5,-3.5,-8.0,3vxm_3p_P1_1t_95s_pMHC-TCR.npy
7,7,-11.5,-3.5,-8.0,3vxm_3p_P1_1t_99s_pMHC-TCR.npy
8,8,-19.5,-19.5,0.0,3vxr_3p_P1_1t_80s_pMHC-TCR.npy
9,9,-19.5,-19.5,0.0,3vxr_3p_P1_1t_90s_pMHC-TCR.npy
10,10,-19.5,-19.5,0.0,3vxr_3p_P1_1t_95s_pMHC-TCR.npy
11,11,-19.5,-19.5,0.0,3vxr_3p_P1_1t_99s_pMHC-TCR.npy
12,12,-17.5,-19.5,2.0,3vxs_3p_P1_1t_80s_pMHC-TCR.npy
13,13,-15.5,-19.5,4.0,3vxs_3p_P1_1t_90s_pMHC-TCR.npy
14,14,-17.5,-19.5,2.0,3vxs_3p_P1_1t_95s_pMHC-TCR.npy
15,15,-15.5,-19.5,4.0,3vxs_3p_P1_1t_99s_pMHC-TCR.npy
16,16,-11.5,-19.5,8.0,3w0w_3p_P1_1t_80s_pMHC-TCR.npy
17,17,-15.5,-19.5,4.0,3w0w_3p_P1_1t_90s_pMHC-TCR.npy
18,18,-17.5,-19.5,2.0,3w0w_3p_P1_1t_95s_pMHC-TCR.npy
19,19,-15.5,-19.5,4.0,3w0w_3p_P1_1t_99s_pMHC-TCR.npy
20,20,-19.5,-19.5,0.0,4g8g_3p_P1_1t_80s_pMHC-TCR.npy
21,21,-19.5,-19.5,0.0,4g8g_3p_P1_1t_90s_pMHC-TCR.npy
22,22,-19.5,-19.5,0.0,4g8g_3p_P1_1t_95s_pMHC-TCR.npy
23,23,-19.5,-19.5,0.0,4g8g_3p_P1_1t_99s_pMHC-TCR.npy
24,24,-19.5,-19.5,0.0,4mxq_3p_P1_1t_80s_pMHC-TCR.npy
25,25,-19.5,-19.5,0.0,4mxq_3p_P1_1t_90s_pMHC-TCR.npy
26,26,-19.5,-19.5,0.0,4mxq_3p_P1_1t_95s_pMHC-TCR.npy
27,27,-19.5,-19.5,0.0,4mxq_3p_P1_1t_99s_pMHC-TCR.npy
28,28,18.5,12.5,6.0,2e7l_3p_P1_1t_80s_pMHC-TCR.npy
29,29,20.5,12.5,8.0,2e7l_3p_P1_1t_90s_pMHC-TCR.npy
30,30,8.5,12.5,-4.0,2e7l_3p_P1_1t_95s_pMHC-TCR.npy
31,31,20.5,12.5,8.0,2e7l_3p_P1_1t_99s_pMHC-TCR.npy
32,32,0.5,-7.5,8.0,2oi9_3p_P1_1t_80s_pMHC-TCR.npy
33,33,-17.5,-7.5,-10.0,2oi9_3p_P1_1t_90s_pMHC-TCR.npy
34,34,-19.5,-7.5,-12.0,2oi9_3p_P1_1t_95s_pMHC-TCR.npy
35,35,-17.5,-7.5,-10.0,2oi9_3p_P1_1t_99s_pMHC-TCR.npy
36,36,-7.5,4.5,-12.0,2ypl_3p_P1_1t_80s_pMHC-TCR.npy
37,37,8.5,6.5,2.0,2ypl_3p_P1_1t_90s_pMHC-TCR.npy
38,38,-1.5,4.5,-6.0,2ypl_3p_P1_1t_95s_pMHC-TCR.npy
39,39,-7.5,4.5,-12.0,2ypl_3p_P1_1t_99s_pMHC-TCR.npy
40,40,-5.5,-13.5,8.0,3e3q_3p_P1_1t_80s_pMHC-TCR.npy
41,41,-13.5,-13.5,0.0,3e3q_3p_P1_1t_90s_pMHC-TCR.npy
42,42,-11.5,-13.5,2.0,3e3q_3p_P1_1t_95s_pMHC-TCR.npy
43,43,-7.5,-13.5,6.0,3e3q_3p_P1_1t_99s_pMHC-TCR.npy
44,44,,,,
45,65,,,,
46,66,-17.5,-19.5,2.0,3tfk_3p_N1_1t_80s_pMHC-TCR.npy
47,67,-19.5,-19.5,0.0,3tfk_3p_N1_1t_90s_pMHC-TCR.npy
48,68,-19.5,-19.5,0.0,3tfk_3p_N1_1t_95s_pMHC-TCR.npy
49,69,-19.5,-19.5,0.0,3tfk_3p_N1_1t_99s_pMHC-TCR.npy
50,70,-11.5,0.5,-12.0,3tfk_3p_N2_1t_80s_pMHC-TCR.npy
51,71,-1.5,0.5,-2.0,3tfk_3p_N2_1t_90s_pMHC-TCR.npy
52,72,4.5,0.5,4.0,3tfk_3p_N2_1t_95s_pMHC-TCR.npy
53,73,-5.5,0.5,-6.0,3tfk_3p_N2_1t_99s_pMHC-TCR.npy
54,74,-19.5,-19.5,0.0,3tfk_3p_N3_1t_80s_pMHC-TCR.npy
55,75,-19.5,-19.5,0.0,3tfk_3p_N3_1t_90s_pMHC-TCR.npy
56,76,-19.5,-19.5,0.0,3tfk_3p_N3_1t_95s_pMHC-TCR.npy
57,77,-19.5,-19.5,0.0,3tfk_3p_N3_1t_99s_pMHC-TCR.npy
58,78,-19.5,-3.5,-16.0,3vxm_3p_N1_1t_80s_pMHC-TCR.npy
59,79,-19.5,-3.5,-16.0,3vxm_3p_N1_1t_90s_pMHC-TCR.npy
60,80,-19.5,-3.5,-16.0,3vxm_3p_N1_1t_95s_pMHC-TCR.npy
61,81,-15.5,-3.5,-12.0,3vxm_3p_N1_1t_99s_pMHC-TCR.npy
62,82,-1.5,-17.5,16.0,3vxm_3p_N2_1t_80s_pMHC-TCR.npy
63,83,-5.5,-17.5,12.0,3vxm_3p_N2_1t_90s_pMHC-TCR.npy
64,84,-1.5,-17.5,16.0,3vxm_3p_N2_1t_95s_pMHC-TCR.npy
65,85,-7.5,-17.5,10.0,3vxm_3p_N2_1t_99s_pMHC-TCR.npy
66,86,-7.5,-19.5,12.0,3vxm_3p_N3_1t_80s_pMHC-TCR.npy
67,87,-5.5,-19.5,14.0,3vxm_3p_N3_1t_90s_pMHC-TCR.npy
68,88,-5.5,-19.5,14.0,3vxm_3p_N3_1t_95s_pMHC-TCR.npy
69,89,-11.5,-19.5,8.0,3vxm_3p_N3_1t_99s_pMHC-TCR.npy
70,90,-19.5,-19.5,0.0,3vxr_3p_N1_1t_80s_pMHC-TCR.npy
71,91,-19.5,-19.5,0.0,3vxr_3p_N1_1t_90s_pMHC-TCR.npy
72,92,-19.5,-19.5,0.0,3vxr_3p_N1_1t_95s_pMHC-TCR.npy
73,93,-19.5,-19.5,0.0,3vxr_3p_N1_1t_99s_pMHC-TCR.npy
74,94,14.5,16.5,-2.0,3vxr_3p_N2_1t_80s_pMHC-TCR.npy
75,95,20.5,16.5,4.0,3vxr_3p_N2_1t_90s_pMHC-TCR.npy
76,96,8.5,16.5,-8.0,3vxr_3p_N2_1t_95s_pMHC-TCR.npy
77,97,16.5,16.5,0.0,3vxr_3p_N2_1t_99s_pMHC-TCR.npy
78,98,-1.5,12.5,-14.0,3vxr_3p_N3_1t_80s_pMHC-TCR.npy
79,99,-3.5,12.5,-16.0,3vxr_3p_N3_1t_90s_pMHC-TCR.npy
80,100,0.5,12.5,-12.0,3vxr_3p_N3_1t_95s_pMHC-TCR.npy
81,101,18.5,12.5,6.0,3vxr_3p_N3_1t_99s_pMHC-TCR.npy
82,102,-19.5,-7.5,-12.0,3vxs_3p_N1_1t_80s_pMHC-TCR.npy
83,103,-19.5,-7.5,-12.0,3vxs_3p_N1_1t_90s_pMHC-TCR.npy
84,104,-19.5,-5.5,-14.0,3vxs_3p_N1_1t_95s_pMHC-TCR.npy
85,105,-15.5,-5.5,-10.0,3vxs_3p_N1_1t_99s_pMHC-TCR.npy
86,106,-13.5,-19.5,6.0,3vxs_3p_N2_1t_80s_pMHC-TCR.npy
87,107,-11.5,-19.5,8.0,3vxs_3p_N2_1t_90s_pMHC-TCR.npy
88,108,-13.5,-19.5,6.0,3vxs_3p_N2_1t_95s_pMHC-TCR.npy
89,109,-11.5,-19.5,8.0,3vxs_3p_N2_1t_99s_pMHC-TCR.npy
90,110,-13.5,-19.5,6.0,3vxs_3p_N3_1t_80s_pMHC-TCR.npy
91,111,-19.5,-19.5,0.0,3vxs_3p_N3_1t_90s_pMHC-TCR.npy
92,112,-19.5,-19.5,0.0,3vxs_3p_N3_1t_95s_pMHC-TCR.npy
93,113,-17.5,-19.5,2.0,3vxs_3p_N3_1t_99s_pMHC-TCR.npy
94,114,-19.5,-19.5,0.0,3w0w_3p_N1_1t_80s_pMHC-TCR.npy
95,115,-19.5,-19.5,0.0,3w0w_3p_N1_1t_90s_pMHC-TCR.npy
96,116,-19.5,-19.5,0.0,3w0w_3p_N1_1t_95s_pMHC-TCR.npy
97,117,-19.5,-19.5,0.0,3w0w_3p_N1_1t_99s_pMHC-TCR.npy
98,118,-13.5,0.5,-14.0,3w0w_3p_N2_1t_80s_pMHC-TCR.npy
99,119,-3.5,0.5,-4.0,3w0w_3p_N2_1t_90s_pMHC-TCR.npy
100,120,-5.5,0.5,-6.0,3w0w_3p_N2_1t_95s_pMHC-TCR.npy
101,121,-1.5,0.5,-2.0,3w0w_3p_N2_1t_99s_pMHC-TCR.npy
102,122,-19.5,-19.5,0.0,3w0w_3p_N3_1t_80s_pMHC-TCR.npy
103,123,-19.5,-19.5,0.0,3w0w_3p_N3_1t_90s_pMHC-TCR.npy
104,124,-19.5,-19.5,0.0,3w0w_3p_N3_1t_95s_pMHC-TCR.npy
105,125,-19.5,-19.5,0.0,3w0w_3p_N3_1t_99s_pMHC-TCR.npy
106,126,-19.5,-19.5,0.0,4g8g_3p_N1_1t_80s_pMHC-TCR.npy
107,127,-19.5,-19.5,0.0,4g8g_3p_N1_1t_90s_pMHC-TCR.npy
108,128,-19.5,-19.5,0.0,4g8g_3p_N1_1t_95s_pMHC-TCR.npy
109,129,-19.5,-19.5,0.0,4g8g_3p_N1_1t_99s_pMHC-TCR.npy
110,130,-9.5,-19.5,10.0,4g8g_3p_N2_1t_80s_pMHC-TCR.npy
111,131,-3.5,-19.5,16.0,4g8g_3p_N2_1t_90s_pMHC-TCR.npy
112,132,-3.5,-19.5,16.0,4g8g_3p_N2_1t_95s_pMHC-TCR.npy
113,133,-7.5,-19.5,12.0,4g8g_3p_N2_1t_99s_pMHC-TCR.npy
114,134,-9.5,-3.5,-6.0,4g8g_3p_N3_1t_80s_pMHC-TCR.npy
115,135,-7.5,-3.5,-4.0,4g8g_3p_N3_1t_90s_pMHC-TCR.npy
116,136,-7.5,-3.5,-4.0,4g8g_3p_N3_1t_95s_pMHC-TCR.npy
117,137,-7.5,-3.5,-4.0,4g8g_3p_N3_1t_99s_pMHC-TCR.npy
118,138,-17.5,-19.5,2.0,4mxq_3p_N1_1t_80s_pMHC-TCR.npy
119,139,-19.5,-19.5,0.0,4mxq_3p_N1_1t_90s_pMHC-TCR.npy
120,140,-17.5,-19.5,2.0,4mxq_3p_N1_1t_95s_pMHC-TCR.npy
121,141,-15.5,-19.5,4.0,4mxq_3p_N1_1t_99s_pMHC-TCR.npy
122,142,-19.5,-7.5,-12.0,4mxq_3p_N2_1t_80s_pMHC-TCR.npy
123,143,-19.5,-7.5,-12.0,4mxq_3p_N2_1t_90s_pMHC-TCR.npy
124,144,-19.5,-7.5,-12.0,4mxq_3p_N2_1t_95s_pMHC-TCR.npy
125,145,-19.5,-7.5,-12.0,4mxq_3p_N2_1t_99s_pMHC-TCR.npy
126,146,-3.5,-1.5,-2.0,4mxq_3p_N3_1t_80s_pMHC-TCR.npy
127,147,-9.5,-1.5,-8.0,4mxq_3p_N3_1t_90s_pMHC-TCR.npy
128,148,2.5,-1.5,4.0,4mxq_3p_N3_1t_95s_pMHC-TCR.npy
129,149,2.5,-1.5,4.0,4mxq_3p_N3_1t_99s_pMHC-TCR.npy
130,150,-13.5,-13.5,0.0,2e7l_3p_N1_1t_80s_pMHC-TCR.npy
131,151,-15.5,-13.5,-2.0,2e7l_3p_N1_1t_90s_pMHC-TCR.npy
132,152,-15.5,-13.5,-2.0,2e7l_3p_N1_1t_95s_pMHC-TCR.npy
133,153,-15.5,-13.5,-2.0,2e7l_3p_N1_1t_99s_pMHC-TCR.npy
134,154,-15.5,-19.5,4.0,2e7l_3p_N2_1t_80s_pMHC-TCR.npy
135,155,-11.5,-19.5,8.0,2e7l_3p_N2_1t_90s_pMHC-TCR.npy
136,156,-11.5,-19.5,8.0,2e7l_3p_N2_1t_95s_pMHC-TCR.npy
137,157,-9.5,-19.5,10.0,2e7l_3p_N2_1t_99s_pMHC-TCR.npy
138,158,-13.5,-19.5,6.0,2e7l_3p_N3_1t_80s_pMHC-TCR.npy
139,159,-11.5,-19.5,8.0,2e7l_3p_N3_1t_90s_pMHC-TCR.npy
140,160,-7.5,-19.5,12.0,2e7l_3p_N3_1t_95s_pMHC-TCR.npy
141,161,-11.5,-19.5,8.0,2e7l_3p_N3_1t_99s_pMHC-TCR.npy
142,162,-7.5,-1.5,-6.0,2oi9_3p_N1_1t_80s_pMHC-TCR.npy
143,163,-3.5,-1.5,-2.0,2oi9_3p_N1_1t_90s_pMHC-TCR.npy
144,164,-7.5,-1.5,-6.0,2oi9_3p_N1_1t_95s_pMHC-TCR.npy
145,165,-7.5,-1.5,-6.0,2oi9_3p_N1_1t_99s_pMHC-TCR.npy
146,166,-5.5,2.5,-8.0,2oi9_3p_N2_1t_80s_pMHC-TCR.npy
147,167,4.5,2.5,2.0,2oi9_3p_N2_1t_90s_pMHC-TCR.npy
148,168,-9.5,2.5,-12.0,2oi9_3p_N2_1t_95s_pMHC-TCR.npy
149,169,-5.5,2.5,-8.0,2oi9_3p_N2_1t_99s_pMHC-TCR.npy
150,170,-17.5,-19.5,2.0,2oi9_3p_N3_1t_80s_pMHC-TCR.npy
151,171,-17.5,-19.5,2.0,2oi9_3p_N3_1t_90s_pMHC-TCR.npy
152,172,-17.5,-19.5,2.0,2oi9_3p_N3_1t_95s_pMHC-TCR.npy
153,173,-17.5,-19.5,2.0,2oi9_3p_N3_1t_99s_pMHC-TCR.npy
154,174,-9.5,10.5,-20.0,2ypl_3p_N1_1t_80s_pMHC-TCR.npy
155,175,-9.5,10.5,-20.0,2ypl_3p_N1_1t_90s_pMHC-TCR.npy
156,176,-7.5,10.5,-18.0,2ypl_3p_N1_1t_95s_pMHC-TCR.npy
157,177,-11.5,10.5,-22.0,2ypl_3p_N1_1t_99s_pMHC-TCR.npy
158,178,-19.5,-19.5,0.0,2ypl_3p_N2_1t_80s_pMHC-TCR.npy
159,179,-19.5,-19.5,0.0,2ypl_3p_N2_1t_90s_pMHC-TCR.npy
160,180,-19.5,-19.5,0.0,2ypl_3p_N2_1t_95s_pMHC-TCR.npy
161,181,-19.5,-19.5,0.0,2ypl_3p_N2_1t_99s_pMHC-TCR.npy
162,182,-11.5,-19.5,8.0,2ypl_3p_N3_1t_80s_pMHC-TCR.npy
163,183,-9.5,-19.5,10.0,2ypl_3p_N3_1t_90s_pMHC-TCR.npy
164,184,-11.5,-19.5,8.0,2ypl_3p_N3_1t_95s_pMHC-TCR.npy
165,185,-9.5,-19.5,10.0,2ypl_3p_N3_1t_99s_pMHC-TCR.npy
166,186,-15.5,-17.5,2.0,3e3q_3p_N1_1t_80s_pMHC-TCR.npy
167,187,-9.5,-17.5,8.0,3e3q_3p_N1_1t_90s_pMHC-TCR.npy
168,188,-13.5,-17.5,4.0,3e3q_3p_N1_1t_95s_pMHC-TCR.npy
169,189,-9.5,-17.5,8.0,3e3q_3p_N1_1t_99s_pMHC-TCR.npy
170,190,-17.5,14.5,-32.0,3e3q_3p_N2_1t_80s_pMHC-TCR.npy
171,191,-11.5,14.5,-26.0,3e3q_3p_N2_1t_90s_pMHC-TCR.npy
172,192,-13.5,12.5,-26.0,3e3q_3p_N2_1t_95s_pMHC-TCR.npy
173,193,-9.5,14.5,-24.0,3e3q_3p_N2_1t_99s_pMHC-TCR.npy
174,194,-15.5,-13.5,-2.0,3e3q_3p_N3_1t_80s_pMHC-TCR.npy
175,195,-13.5,-13.5,0.0,3e3q_3p_N3_1t_90s_pMHC-TCR.npy
176,196,,,,
177,217,,,,
178,218,-15.5,-13.5,-2.0,3e3q_3p_N3_1t_95s_pMHC-TCR.npy
179,219,-17.5,-13.5,-4.0,3e3q_3p_N3_1t_99s_pMHC-TCR.npy
180,220,-17.5,-13.5,-4.0,3tfk_3p_R1_1t_80s_pMHC-TCR.npy
181,221,-17.5,-13.5,-4.0,3tfk_3p_R1_1t_90s_pMHC-TCR.npy
182,222,-17.5,-13.5,-4.0,3tfk_3p_R1_1t_95s_pMHC-TCR.npy
183,223,-19.5,-13.5,-6.0,3tfk_3p_R1_1t_99s_pMHC-TCR.npy
184,224,-19.5,4.5,-24.0,3vxm_3p_R1_1t_80s_pMHC-TCR.npy
185,225,-9.5,4.5,-14.0,3vxm_3p_R1_1t_90s_pMHC-TCR.npy
186,226,-13.5,4.5,-18.0,3vxm_3p_R1_1t_95s_pMHC-TCR.npy
187,227,-13.5,4.5,-18.0,3vxm_3p_R1_1t_99s_pMHC-TCR.npy
188,228,-7.5,-13.5,6.0,3vxr_3p_R1_1t_80s_pMHC-TCR.npy
189,229,-11.5,-13.5,2.0,3vxr_3p_R1_1t_90s_pMHC-TCR.npy
190,230,-9.5,-13.5,4.0,3vxr_3p_R1_1t_95s_pMHC-TCR.npy
191,231,-1.5,-13.5,12.0,3vxr_3p_R1_1t_99s_pMHC-TCR.npy
192,232,-11.5,-19.5,8.0,3vxs_3p_R1_1t_80s_pMHC-TCR.npy
193,233,-9.5,-19.5,10.0,3vxs_3p_R1_1t_90s_pMHC-TCR.npy
194,234,-13.5,-19.5,6.0,3vxs_3p_R1_1t_95s_pMHC-TCR.npy
195,235,-13.5,-19.5,6.0,3vxs_3p_R1_1t_99s_pMHC-TCR.npy
196,236,-13.5,-9.5,-4.0,3w0w_3p_R1_1t_80s_pMHC-TCR.npy
197,237,-11.5,-9.5,-2.0,3w0w_3p_R1_1t_90s_pMHC-TCR.npy
198,238,-11.5,-9.5,-2.0,3w0w_3p_R1_1t_95s_pMHC-TCR.npy
199,239,-9.5,-9.5,0.0,3w0w_3p_R1_1t_99s_pMHC-TCR.npy
200,240,-9.5,-15.5,6.0,4g8g_3p_R1_1t_80s_pMHC-TCR.npy
201,241,-1.5,-15.5,14.0,4g8g_3p_R1_1t_90s_pMHC-TCR.npy
202,242,-9.5,-15.5,6.0,4g8g_3p_R1_1t_95s_pMHC-TCR.npy
203,243,-11.5,-15.5,4.0,4g8g_3p_R1_1t_99s_pMHC-TCR.npy
204,244,-13.5,-7.5,-6.0,4mxq_3p_R1_1t_80s_pMHC-TCR.npy
205,245,-13.5,-7.5,-6.0,4mxq_3p_R1_1t_90s_pMHC-TCR.npy
206,246,-11.5,-7.5,-4.0,4mxq_3p_R1_1t_95s_pMHC-TCR.npy
207,247,-7.5,-7.5,0.0,4mxq_3p_R1_1t_99s_pMHC-TCR.npy
208,248,-17.5,8.5,-26.0,2e7l_3p_R1_1t_80s_pMHC-TCR.npy
209,249,-17.5,8.5,-26.0,2e7l_3p_R1_1t_90s_pMHC-TCR.npy
210,250,-17.5,8.5,-26.0,2e7l_3p_R1_1t_95s_pMHC-TCR.npy
211,251,-17.5,8.5,-26.0,2e7l_3p_R1_1t_99s_pMHC-TCR.npy
212,252,-5.5,-19.5,14.0,2oi9_3p_R1_1t_80s_pMHC-TCR.npy
213,253,-5.5,-19.5,14.0,2oi9_3p_R1_1t_90s_pMHC-TCR.npy
214,254,-3.5,-19.5,16.0,2oi9_3p_R1_1t_95s_pMHC-TCR.npy
215,255,-3.5,-19.5,16.0,2oi9_3p_R1_1t_99s_pMHC-TCR.npy
216,256,-11.5,-13.5,2.0,2ypl_3p_R1_1t_80s_pMHC-TCR.npy
217,257,-9.5,-13.5,4.0,2ypl_3p_R1_1t_90s_pMHC-TCR.npy
218,258,-13.5,-13.5,0.0,2ypl_3p_R1_1t_95s_pMHC-TCR.npy
219,259,-9.5,-13.5,4.0,2ypl_3p_R1_1t_99s_pMHC-TCR.npy
220,260,,,,
221,281,,,,
222,282,-13.5,-17.5,4.0,3e3q_3p_R1_1t_80s_pMHC-TCR.npy
223,283,-13.5,-17.5,4.0,3e3q_3p_R1_1t_90s_pMHC-TCR.npy
224,284,-15.5,-17.5,2.0,3e3q_3p_R1_1t_95s_pMHC-TCR.npy
225,285,-11.5,-17.5,6.0,3e3q_3p_R1_1t_99s_pMHC-TCR.npy
226,286,-13.5,-19.5,6.0,3tfk_3p_S1_1t_80s_pMHC-TCR.npy
227,287,-9.5,-19.5,10.0,3tfk_3p_S1_1t_90s_pMHC-TCR.npy
228,288,-9.5,-19.5,10.0,3tfk_3p_S1_1t_95s_pMHC-TCR.npy
229,289,-11.5,-19.5,8.0,3tfk_3p_S1_1t_99s_pMHC-TCR.npy
230,290,-7.5,-19.5,12.0,3vxm_3p_S1_1t_80s_pMHC-TCR.npy
231,291,-7.5,-19.5,12.0,3vxm_3p_S1_1t_90s_pMHC-TCR.npy
232,292,-5.5,-19.5,14.0,3vxm_3p_S1_1t_95s_pMHC-TCR.npy
233,293,-9.5,-19.5,10.0,3vxm_3p_S1_1t_99s_pMHC-TCR.npy
234,294,0.5,4.5,-4.0,3vxr_3p_S1_1t_80s_pMHC-TCR.npy
235,295,8.5,4.5,4.0,3vxr_3p_S1_1t_90s_pMHC-TCR.npy
236,296,10.5,4.5,6.0,3vxr_3p_S1_1t_95s_pMHC-TCR.npy
237,297,10.5,4.5,6.0,3vxr_3p_S1_1t_99s_pMHC-TCR.npy
238,298,-17.5,-19.5,2.0,3vxs_3p_S1_1t_80s_pMHC-TCR.npy
239,299,-19.5,-19.5,0.0,3vxs_3p_S1_1t_90s_pMHC-TCR.npy
240,300,-19.5,-19.5,0.0,3vxs_3p_S1_1t_95s_pMHC-TCR.npy
241,301,-17.5,-19.5,2.0,3vxs_3p_S1_1t_99s_pMHC-TCR.npy
242,302,-7.5,-19.5,12.0,3w0w_3p_S1_1t_80s_pMHC-TCR.npy
243,303,-9.5,-19.5,10.0,3w0w_3p_S1_1t_90s_pMHC-TCR.npy
244,304,-5.5,-19.5,14.0,3w0w_3p_S1_1t_95s_pMHC-TCR.npy
245,305,-11.5,-19.5,8.0,3w0w_3p_S1_1t_99s_pMHC-TCR.npy
246,306,-9.5,-19.5,10.0,4g8g_3p_S1_1t_80s_pMHC-TCR.npy
247,307,-13.5,-19.5,6.0,4g8g_3p_S1_1t_90s_pMHC-TCR.npy
248,308,-11.5,-19.5,8.0,4g8g_3p_S1_1t_95s_pMHC-TCR.npy
249,309,-13.5,-19.5,6.0,4g8g_3p_S1_1t_99s_pMHC-TCR.npy
250,310,-5.5,-3.5,-2.0,4mxq_3p_S1_1t_80s_pMHC-TCR.npy
251,311,-11.5,-3.5,-8.0,4mxq_3p_S1_1t_90s_pMHC-TCR.npy
252,312,-1.5,-3.5,2.0,4mxq_3p_S1_1t_95s_pMHC-TCR.npy
253,313,-9.5,-3.5,-6.0,4mxq_3p_S1_1t_99s_pMHC-TCR.npy
254,314,-13.5,-17.5,4.0,2e7l_3p_S1_1t_80s_pMHC-TCR.npy
255,315,-15.5,-17.5,2.0,2e7l_3p_S1_1t_90s_pMHC-TCR.npy
256,316,-15.5,-17.5,2.0,2e7l_3p_S1_1t_95s_pMHC-TCR.npy
257,317,-13.5,-17.5,4.0,2e7l_3p_S1_1t_99s_pMHC-TCR.npy
258,318,-15.5,4.5,-20.0,2oi9_3p_S1_1t_80s_pMHC-TCR.npy
259,319,-15.5,4.5,-20.0,2oi9_3p_S1_1t_90s_pMHC-TCR.npy
260,320,-9.5,4.5,-14.0,2oi9_3p_S1_1t_95s_pMHC-TCR.npy
261,321,-9.5,4.5,-14.0,2oi9_3p_S1_1t_99s_pMHC-TCR.npy
262,322,-19.5,-19.5,0.0,2ypl_3p_S1_1t_80s_pMHC-TCR.npy
263,323,-19.5,-19.5,0.0,2ypl_3p_S1_1t_90s_pMHC-TCR.npy
264,324,-19.5,-19.5,0.0,2ypl_3p_S1_1t_95s_pMHC-TCR.npy
265,325,-19.5,-19.5,0.0,2ypl_3p_S1_1t_99s_pMHC-TCR.npy
266,326,-11.5,-19.5,8.0,3e3q_3p_S1_1t_80s_pMHC-TCR.npy
267,327,-19.5,-19.5,0.0,3e3q_3p_S1_1t_90s_pMHC-TCR.npy
268,328,-19.5,-19.5,0.0,3e3q_3p_S1_1t_95s_pMHC-TCR.npy
269,329,-13.5,-19.5,6.0,3e3q_3p_S1_1t_99s_pMHC-TCR.npy
