,DockQ
1g6r_1t_99s,0.5379999999999999
1g6r_N1_1t_99s,0.531
1g6r_N2_1t_99s,0.52
1g6r_N3_1t_99s,0.526
1g6r_R1_1t_99s,0.502
1g6r_S1_1t_99s,0.542
1g6r_1t_95s,0.865
1g6r_N1_1t_95s,0.857
1g6r_N2_1t_95s,0.8370000000000001
1g6r_N3_1t_95s,0.833
1g6r_R1_1t_95s,0.805
1g6r_S1_1t_95s,0.878
1g6r_1t_90s,0.86
1g6r_N1_1t_90s,0.843
1g6r_N2_1t_90s,0.823
1g6r_N3_1t_90s,0.8109999999999999
1g6r_R1_1t_90s,0.809
1g6r_S1_1t_90s,0.852
1g6r_1t_80s,0.847
1g6r_N1_1t_80s,0.815
1g6r_N2_1t_80s,0.8270000000000001
1g6r_N3_1t_80s,0.8059999999999999
1g6r_R1_1t_80s,0.795
1g6r_S1_1t_80s,0.846
1mwa_1t_99s,0.546
1mwa_N1_1t_99s,0.518
1mwa_N2_1t_99s,0.498
1mwa_N3_1t_99s,0.511
1mwa_R1_1t_99s,0.514
1mwa_S1_1t_99s,0.512
1mwa_1t_95s,0.8540000000000001
1mwa_N1_1t_95s,0.807
1mwa_N2_1t_95s,0.79
1mwa_N3_1t_95s,0.8
1mwa_R1_1t_95s,0.8029999999999999
1mwa_S1_1t_95s,0.81
1mwa_1t_90s,0.847
1mwa_N1_1t_90s,0.8009999999999999
1mwa_N2_1t_90s,0.807
1mwa_N3_1t_90s,0.794
1mwa_R1_1t_90s,0.802
1mwa_S1_1t_90s,0.8170000000000001
1mwa_1t_80s,0.82
1mwa_N1_1t_80s,0.775
1mwa_N2_1t_80s,0.769
1mwa_N3_1t_80s,0.7759999999999999
1mwa_R1_1t_80s,0.7829999999999999
1mwa_S1_1t_80s,0.773
2bnq_1t_99s,0.8390000000000001
2bnq_N1_1t_99s,0.835
2bnq_N2_1t_99s,0.8440000000000001
2bnq_N3_1t_99s,0.823
2bnq_R1_1t_99s,0.8540000000000001
2bnq_S1_1t_99s,0.799
2bnq_1t_95s,0.7959999999999999
2bnq_N1_1t_95s,0.768
2bnq_N2_1t_95s,0.764
2bnq_N3_1t_95s,0.7609999999999999
2bnq_R1_1t_95s,0.794
2bnq_S1_1t_95s,0.7609999999999999
2bnq_1t_90s,0.20199999999999999
2bnq_N1_1t_90s,0.196
2bnq_N2_1t_90s,0.203
2bnq_N3_1t_90s,0.203
2bnq_R1_1t_90s,0.217
2bnq_S1_1t_90s,0.193
2bnq_1t_80s,0.201
2bnq_N1_1t_80s,0.197
2bnq_N2_1t_80s,0.204
2bnq_N3_1t_80s,0.213
2bnq_R1_1t_80s,0.21100000000000002
2bnq_S1_1t_80s,0.196
2bnr_1t_99s,0.828
2bnr_N1_1t_99s,0.7909999999999999
2bnr_N2_1t_99s,0.8190000000000001
2bnr_N3_1t_99s,0.813
2bnr_R1_1t_99s,0.8140000000000001
2bnr_S1_1t_99s,0.8270000000000001
2bnr_1t_95s,0.311
2bnr_N1_1t_95s,0.293
2bnr_N2_1t_95s,0.308
2bnr_N3_1t_95s,0.298
2bnr_R1_1t_95s,0.315
2bnr_S1_1t_95s,0.297
2bnr_1t_90s,0.212
2bnr_N1_1t_90s,0.208
2bnr_N2_1t_90s,0.204
2bnr_N3_1t_90s,0.218
2bnr_R1_1t_90s,0.20600000000000002
2bnr_S1_1t_90s,0.208
2bnr_1t_80s,0.203
2bnr_N1_1t_80s,0.211
2bnr_N2_1t_80s,0.205
2bnr_N3_1t_80s,0.211
2bnr_R1_1t_80s,0.203
2bnr_S1_1t_80s,0.197
2e7l_1t_99s,0.512
2e7l_N1_1t_99s,0.507
2e7l_N2_1t_99s,0.491
2e7l_N3_1t_99s,0.521
2e7l_R1_1t_99s,0.519
2e7l_S1_1t_99s,0.508
2e7l_1t_95s,0.396
2e7l_N1_1t_95s,0.379
2e7l_N2_1t_95s,0.33899999999999997
2e7l_N3_1t_95s,0.365
2e7l_R1_1t_95s,0.39799999999999996
2e7l_S1_1t_95s,0.382
2e7l_1t_90s,0.507
2e7l_N1_1t_90s,0.527
2e7l_N2_1t_90s,0.521
2e7l_N3_1t_90s,0.531
2e7l_R1_1t_90s,0.52
2e7l_S1_1t_90s,0.532
2e7l_1t_80s,0.541
2e7l_N1_1t_80s,0.544
2e7l_N2_1t_80s,0.556
2e7l_N3_1t_80s,0.5429999999999999
2e7l_R1_1t_80s,0.5379999999999999
2e7l_S1_1t_80s,0.562
2f53_1t_99s,0.627
2f53_N1_1t_99s,0.591
2f53_N2_1t_99s,0.598
2f53_N3_1t_99s,0.608
2f53_R1_1t_99s,0.61
2f53_S1_1t_99s,0.595
2f53_1t_95s,0.321
2f53_N1_1t_95s,0.306
2f53_N2_1t_95s,0.324
2f53_N3_1t_95s,0.315
2f53_R1_1t_95s,0.324
2f53_S1_1t_95s,0.324
2f53_1t_90s,0.33799999999999997
2f53_N1_1t_90s,0.287
2f53_N2_1t_90s,0.33399999999999996
2f53_N3_1t_90s,0.325
2f53_R1_1t_90s,0.32799999999999996
2f53_S1_1t_90s,0.336
2f53_1t_80s,0.205
2f53_N1_1t_80s,0.207
2f53_N2_1t_80s,0.207
2f53_N3_1t_80s,0.207
2f53_R1_1t_80s,0.207
2f53_S1_1t_80s,0.204
2f54_1t_99s,0.84
2f54_N1_1t_99s,0.81
2f54_N2_1t_99s,0.8170000000000001
2f54_N3_1t_99s,0.816
2f54_R1_1t_99s,0.843
2f54_S1_1t_99s,0.823
2f54_1t_95s,0.327
2f54_N1_1t_95s,0.311
2f54_N2_1t_95s,0.312
2f54_N3_1t_95s,0.319
2f54_R1_1t_95s,0.314
2f54_S1_1t_95s,0.318
2f54_1t_90s,0.348
2f54_N1_1t_90s,0.308
2f54_N2_1t_90s,0.32899999999999996
2f54_N3_1t_90s,0.313
2f54_R1_1t_90s,0.337
2f54_S1_1t_90s,0.32
2f54_1t_80s,0.207
2f54_N1_1t_80s,0.213
2f54_N2_1t_80s,0.21600000000000005
2f54_N3_1t_80s,0.215
2f54_R1_1t_80s,0.214
2f54_S1_1t_80s,0.2
2nx5_1t_99s,0.29100000000000004
2nx5_N1_1t_99s,0.258
2nx5_N2_1t_99s,0.284
2nx5_N3_1t_99s,0.295
2nx5_R1_1t_99s,0.289
2nx5_S1_1t_99s,0.225
2nx5_1t_95s,0.252
2nx5_N1_1t_95s,0.275
2nx5_N2_1t_95s,0.268
2nx5_N3_1t_95s,0.28
2nx5_R1_1t_95s,0.27699999999999997
2nx5_S1_1t_95s,0.269
2nx5_1t_90s,0.225
2nx5_N1_1t_90s,0.247
2nx5_N2_1t_90s,0.23800000000000002
2nx5_N3_1t_90s,0.227
2nx5_R1_1t_90s,0.254
2nx5_S1_1t_90s,0.241
2nx5_1t_80s,0.214
2nx5_N1_1t_80s,0.194
2nx5_N2_1t_80s,0.20199999999999999
2nx5_N3_1t_80s,0.223
2nx5_R1_1t_80s,0.21600000000000005
2nx5_S1_1t_80s,0.189
2oi9_1t_99s,0.7859999999999999
2oi9_N1_1t_99s,0.792
2oi9_N2_1t_99s,0.785
2oi9_N3_1t_99s,0.792
2oi9_R1_1t_99s,0.778
2oi9_S1_1t_99s,0.795
2oi9_1t_95s,0.493
2oi9_N1_1t_95s,0.512
2oi9_N2_1t_95s,0.5379999999999999
2oi9_N3_1t_95s,0.521
2oi9_R1_1t_95s,0.518
2oi9_S1_1t_95s,0.517
2oi9_1t_90s,0.515
2oi9_N1_1t_90s,0.523
2oi9_N2_1t_90s,0.563
2oi9_N3_1t_90s,0.557
2oi9_R1_1t_90s,0.531
2oi9_S1_1t_90s,0.555
2oi9_1t_80s,0.5820000000000001
2oi9_N1_1t_80s,0.58
2oi9_N2_1t_80s,0.569
2oi9_N3_1t_80s,0.597
2oi9_R1_1t_80s,0.565
2oi9_S1_1t_80s,0.5529999999999999
2p5e_1t_99s,0.907
2p5e_N1_1t_99s,0.878
2p5e_N2_1t_99s,0.8640000000000001
2p5e_N3_1t_99s,0.877
2p5e_R1_1t_99s,0.867
2p5e_S1_1t_99s,0.892
2p5e_1t_95s,0.8740000000000001
2p5e_N1_1t_95s,0.861
2p5e_N2_1t_95s,0.856
2p5e_N3_1t_95s,0.875
2p5e_R1_1t_95s,0.855
2p5e_S1_1t_95s,0.87
2p5e_1t_90s,0.359
2p5e_N1_1t_90s,0.349
2p5e_N2_1t_90s,0.341
2p5e_N3_1t_90s,0.35100000000000003
2p5e_R1_1t_90s,0.354
2p5e_S1_1t_90s,0.341
2p5e_1t_80s,0.205
2p5e_N1_1t_80s,0.215
2p5e_N2_1t_80s,0.20600000000000002
2p5e_N3_1t_80s,0.211
2p5e_R1_1t_80s,0.21100000000000002
2p5e_S1_1t_80s,0.2
2p5w_1t_99s,0.604
2p5w_N1_1t_99s,0.586
2p5w_N2_1t_99s,0.589
2p5w_N3_1t_99s,0.594
2p5w_R1_1t_99s,0.599
2p5w_S1_1t_99s,0.585
2p5w_1t_95s,0.59
2p5w_N1_1t_95s,0.574
2p5w_N2_1t_95s,0.575
2p5w_N3_1t_95s,0.581
2p5w_R1_1t_95s,0.569
2p5w_S1_1t_95s,0.565
2p5w_1t_90s,0.33899999999999997
2p5w_N1_1t_90s,0.309
2p5w_N2_1t_90s,0.32
2p5w_N3_1t_90s,0.326
2p5w_R1_1t_90s,0.314
2p5w_S1_1t_90s,0.301
2p5w_1t_80s,0.196
2p5w_N1_1t_80s,0.194
2p5w_N2_1t_80s,0.20199999999999999
2p5w_N3_1t_80s,0.19
2p5w_R1_1t_80s,0.201
2p5w_S1_1t_80s,0.199
2pye_1t_99s,0.8540000000000001
2pye_N1_1t_99s,0.7959999999999999
2pye_N2_1t_99s,0.8109999999999999
2pye_N3_1t_99s,0.809
2pye_R1_1t_99s,0.802
2pye_S1_1t_99s,0.799
2pye_1t_95s,0.8440000000000001
2pye_N1_1t_95s,0.841
2pye_N2_1t_95s,0.8370000000000001
2pye_N3_1t_95s,0.855
2pye_R1_1t_95s,0.845
2pye_S1_1t_95s,0.835
2pye_1t_90s,0.336
2pye_N1_1t_90s,0.31
2pye_N2_1t_90s,0.308
2pye_N3_1t_90s,0.315
2pye_R1_1t_90s,0.321
2pye_S1_1t_90s,0.299
2pye_1t_80s,0.209
2pye_N1_1t_80s,0.212
2pye_N2_1t_80s,0.212
2pye_N3_1t_80s,0.211
2pye_R1_1t_80s,0.203
2pye_S1_1t_80s,0.211
2vlk_1t_99s,0.861
2vlk_N1_1t_99s,0.868
2vlk_N2_1t_99s,0.873
2vlk_N3_1t_99s,0.906
2vlk_R1_1t_99s,0.889
2vlk_S1_1t_99s,0.875
2vlk_1t_95s,0.311
2vlk_N1_1t_95s,0.301
2vlk_N2_1t_95s,0.27899999999999997
2vlk_N3_1t_95s,0.308
2vlk_R1_1t_95s,0.29100000000000004
2vlk_S1_1t_95s,0.315
2vlk_1t_90s,0.303
2vlk_N1_1t_90s,0.3
2vlk_N2_1t_90s,0.294
2vlk_N3_1t_90s,0.312
2vlk_R1_1t_90s,0.304
2vlk_S1_1t_90s,0.303
2vlk_1t_80s,0.243
2vlk_N1_1t_80s,0.266
2vlk_N2_1t_80s,0.265
2vlk_N3_1t_80s,0.266
2vlk_R1_1t_80s,0.26
2vlk_S1_1t_80s,0.258
2vlr_1t_99s,0.846
2vlr_N1_1t_99s,0.851
2vlr_N2_1t_99s,0.8320000000000001
2vlr_N3_1t_99s,0.855
2vlr_R1_1t_99s,0.841
2vlr_S1_1t_99s,0.861
2vlr_1t_95s,0.327
2vlr_N1_1t_95s,0.324
2vlr_N2_1t_95s,0.303
2vlr_N3_1t_95s,0.29100000000000004
2vlr_R1_1t_95s,0.318
2vlr_S1_1t_95s,0.29600000000000004
2vlr_1t_90s,0.299
2vlr_N1_1t_90s,0.32
2vlr_N2_1t_90s,0.307
2vlr_N3_1t_90s,0.309
2vlr_R1_1t_90s,0.33899999999999997
2vlr_S1_1t_90s,0.303
2vlr_1t_80s,0.257
2vlr_N1_1t_80s,0.244
2vlr_N2_1t_80s,0.26899999999999996
2vlr_N3_1t_80s,0.281
2vlr_R1_1t_80s,0.245
2vlr_S1_1t_80s,0.256
2ypl_1t_99s,0.316
2ypl_N1_1t_99s,0.313
2ypl_N2_1t_99s,0.316
2ypl_N3_1t_99s,0.298
2ypl_R1_1t_99s,0.29600000000000004
2ypl_S1_1t_99s,0.32299999999999995
2ypl_1t_95s,0.307
2ypl_N1_1t_95s,0.332
2ypl_N2_1t_95s,0.331
2ypl_N3_1t_95s,0.307
2ypl_R1_1t_95s,0.28800000000000003
2ypl_S1_1t_95s,0.309
2ypl_1t_90s,0.308
2ypl_N1_1t_90s,0.309
2ypl_N2_1t_90s,0.3
2ypl_N3_1t_90s,0.315
2ypl_R1_1t_90s,0.293
2ypl_S1_1t_90s,0.313
2ypl_1t_80s,0.284
2ypl_N1_1t_80s,0.276
2ypl_N2_1t_80s,0.27699999999999997
2ypl_N3_1t_80s,0.289
2ypl_R1_1t_80s,0.295
2ypl_S1_1t_80s,0.297
3e3q_1t_99s,0.8170000000000001
3e3q_N1_1t_99s,0.778
3e3q_N2_1t_99s,0.7929999999999999
3e3q_N3_1t_99s,0.804
3e3q_R1_1t_99s,0.8240000000000001
3e3q_S1_1t_99s,0.8290000000000001
3e3q_1t_95s,0.5539999999999999
3e3q_N1_1t_95s,0.584
3e3q_N2_1t_95s,0.5489999999999999
3e3q_N3_1t_95s,0.578
3e3q_R1_1t_95s,0.578
3e3q_S1_1t_95s,0.563
3e3q_1t_90s,0.565
3e3q_N1_1t_90s,0.5870000000000001
3e3q_N2_1t_90s,0.57
3e3q_N3_1t_90s,0.565
3e3q_R1_1t_90s,0.609
3e3q_S1_1t_90s,0.551
3e3q_1t_80s,0.609
3e3q_N1_1t_80s,0.593
3e3q_N2_1t_80s,0.588
3e3q_N3_1t_80s,0.602
3e3q_R1_1t_80s,0.596
3e3q_S1_1t_80s,0.5670000000000001
3ffc_1t_99s,0.314
3ffc_N1_1t_99s,0.29600000000000004
3ffc_N2_1t_99s,0.311
3ffc_N3_1t_99s,0.28800000000000003
3ffc_R1_1t_99s,0.316
3ffc_S1_1t_99s,0.324
3ffc_1t_95s,0.321
3ffc_N1_1t_95s,0.325
3ffc_N2_1t_95s,0.322
3ffc_N3_1t_95s,0.305
3ffc_R1_1t_95s,0.305
3ffc_S1_1t_95s,0.331
3ffc_1t_90s,0.321
3ffc_N1_1t_90s,0.325
3ffc_N2_1t_90s,0.322
3ffc_N3_1t_90s,0.305
3ffc_R1_1t_90s,0.305
3ffc_S1_1t_90s,0.331
3ffc_1t_80s,0.301
3ffc_N1_1t_80s,0.29100000000000004
3ffc_N2_1t_80s,0.299
3ffc_N3_1t_80s,0.295
3ffc_R1_1t_80s,0.33
3ffc_S1_1t_80s,0.28600000000000003
3gsn_1t_99s,0.222
3gsn_N1_1t_99s,0.236
3gsn_N2_1t_99s,0.23
3gsn_N3_1t_99s,0.22
3gsn_R1_1t_99s,0.23399999999999999
3gsn_S1_1t_99s,0.224
3gsn_1t_95s,0.235
3gsn_N1_1t_95s,0.241
3gsn_N2_1t_95s,0.23600000000000002
3gsn_N3_1t_95s,0.231
3gsn_R1_1t_95s,0.239
3gsn_S1_1t_95s,0.224
3gsn_1t_90s,0.23199999999999998
3gsn_N1_1t_90s,0.237
3gsn_N2_1t_90s,0.23199999999999998
3gsn_N3_1t_90s,0.24
3gsn_R1_1t_90s,0.25
3gsn_S1_1t_90s,0.226
3gsn_1t_80s,0.255
3gsn_N1_1t_80s,0.249
3gsn_N2_1t_80s,0.247
3gsn_N3_1t_80s,0.254
3gsn_R1_1t_80s,0.255
3gsn_S1_1t_80s,0.258
3hg1_1t_99s,0.675
3hg1_N1_1t_99s,0.691
3hg1_N2_1t_99s,0.711
3hg1_N3_1t_99s,0.71
3hg1_R1_1t_99s,0.6920000000000001
3hg1_S1_1t_99s,0.691
3hg1_1t_95s,0.6709999999999999
3hg1_N1_1t_95s,0.71
3hg1_N2_1t_95s,0.7040000000000001
3hg1_N3_1t_95s,0.708
3hg1_R1_1t_95s,0.679
3hg1_S1_1t_95s,0.69
3hg1_1t_90s,0.311
3hg1_N1_1t_90s,0.312
3hg1_N2_1t_90s,0.331
3hg1_N3_1t_90s,0.316
3hg1_R1_1t_90s,0.309
3hg1_S1_1t_90s,0.32
3hg1_1t_80s,0.298
3hg1_N1_1t_80s,0.304
3hg1_N2_1t_80s,0.32299999999999995
3hg1_N3_1t_80s,0.294
3hg1_R1_1t_80s,0.276
3hg1_S1_1t_80s,0.312
3mv7_1t_99s,0.863
3mv7_N1_1t_99s,0.8370000000000001
3mv7_N2_1t_99s,0.818
3mv7_N3_1t_99s,0.7559999999999999
3mv7_R1_1t_99s,0.7979999999999999
3mv7_S1_1t_99s,0.809
3mv7_1t_95s,0.281
3mv7_N1_1t_95s,0.259
3mv7_N2_1t_95s,0.23600000000000002
3mv7_N3_1t_95s,0.271
3mv7_R1_1t_95s,0.266
3mv7_S1_1t_95s,0.27
3mv7_1t_90s,0.281
3mv7_N1_1t_90s,0.259
3mv7_N2_1t_90s,0.23600000000000002
3mv7_N3_1t_90s,0.271
3mv7_R1_1t_90s,0.266
3mv7_S1_1t_90s,0.27
3mv7_1t_80s,0.281
3mv7_N1_1t_80s,0.259
3mv7_N2_1t_80s,0.23600000000000002
3mv7_N3_1t_80s,0.271
3mv7_R1_1t_80s,0.266
3mv7_S1_1t_80s,0.27
3mv8_1t_99s,0.8690000000000001
3mv8_N1_1t_99s,0.8029999999999999
3mv8_N2_1t_99s,0.8190000000000001
3mv8_N3_1t_99s,0.774
3mv8_R1_1t_99s,0.8140000000000001
3mv8_S1_1t_99s,0.855
3mv8_1t_95s,0.24600000000000002
3mv8_N1_1t_95s,0.264
3mv8_N2_1t_95s,0.233
3mv8_N3_1t_95s,0.253
3mv8_R1_1t_95s,0.235
3mv8_S1_1t_95s,0.256
3mv8_1t_90s,0.24600000000000002
3mv8_N1_1t_90s,0.264
3mv8_N2_1t_90s,0.233
3mv8_N3_1t_90s,0.253
3mv8_R1_1t_90s,0.235
3mv8_S1_1t_90s,0.256
3mv8_1t_80s,0.24600000000000002
3mv8_N1_1t_80s,0.264
3mv8_N2_1t_80s,0.233
3mv8_N3_1t_80s,0.253
3mv8_R1_1t_80s,0.235
3mv8_S1_1t_80s,0.256
3mv9_1t_99s,0.833
3mv9_N1_1t_99s,0.8340000000000001
3mv9_N2_1t_99s,0.7959999999999999
3mv9_N3_1t_99s,0.764
3mv9_R1_1t_99s,0.773
3mv9_S1_1t_99s,0.823
3mv9_1t_95s,0.252
3mv9_N1_1t_95s,0.251
3mv9_N2_1t_95s,0.252
3mv9_N3_1t_95s,0.24
3mv9_R1_1t_95s,0.252
3mv9_S1_1t_95s,0.257
3mv9_1t_90s,0.252
3mv9_N1_1t_90s,0.251
3mv9_N2_1t_90s,0.252
3mv9_N3_1t_90s,0.24
3mv9_R1_1t_90s,0.252
3mv9_S1_1t_90s,0.257
3mv9_1t_80s,0.252
3mv9_N1_1t_80s,0.251
3mv9_N2_1t_80s,0.252
3mv9_N3_1t_80s,0.24
3mv9_R1_1t_80s,0.252
3mv9_S1_1t_80s,0.257
3o4l_1t_99s,directory
3o4l_N1_1t_99s,directory
3o4l_N2_1t_99s,directory
3o4l_N3_1t_99s,directory
3o4l_R1_1t_99s,directory
3o4l_S1_1t_99s,directory
3o4l_1t_95s,directory
3o4l_N1_1t_95s,directory
3o4l_N2_1t_95s,directory
3o4l_N3_1t_95s,directory
3o4l_R1_1t_95s,directory
3o4l_S1_1t_95s,directory
3o4l_1t_90s,directory
3o4l_N1_1t_90s,directory
3o4l_N2_1t_90s,directory
3o4l_N3_1t_90s,directory
3o4l_R1_1t_90s,directory
3o4l_S1_1t_90s,directory
3o4l_1t_80s,directory
3o4l_N1_1t_80s,directory
3o4l_N2_1t_80s,directory
3o4l_N3_1t_80s,directory
3o4l_R1_1t_80s,directory
3o4l_S1_1t_80s,directory
3qdg_1t_99s,0.85
3qdg_N1_1t_99s,0.779
3qdg_N2_1t_99s,0.8290000000000001
3qdg_N3_1t_99s,0.8
3qdg_R1_1t_99s,0.7959999999999999
3qdg_S1_1t_99s,0.8320000000000001
3qdg_1t_95s,0.276
3qdg_N1_1t_95s,0.273
3qdg_N2_1t_95s,0.29100000000000004
3qdg_N3_1t_95s,0.284
3qdg_R1_1t_95s,0.287
3qdg_S1_1t_95s,0.262
3qdg_1t_90s,0.42700000000000005
3qdg_N1_1t_90s,0.45899999999999996
3qdg_N2_1t_90s,0.46399999999999997
3qdg_N3_1t_90s,0.446
3qdg_R1_1t_90s,0.444
3qdg_S1_1t_90s,0.451
3qdg_1t_80s,0.317
3qdg_N1_1t_80s,0.285
3qdg_N2_1t_80s,0.26899999999999996
3qdg_N3_1t_80s,0.28600000000000003
3qdg_R1_1t_80s,0.271
3qdg_S1_1t_80s,0.353
3qdj_1t_99s,0.473
3qdj_N1_1t_99s,0.47600000000000003
3qdj_N2_1t_99s,0.455
3qdj_N3_1t_99s,0.43200000000000005
3qdj_R1_1t_99s,0.444
3qdj_S1_1t_99s,0.444
3qdj_1t_95s,0.379
3qdj_N1_1t_95s,0.377
3qdj_N2_1t_95s,0.391
3qdj_N3_1t_95s,0.401
3qdj_R1_1t_95s,0.402
3qdj_S1_1t_95s,0.4
3qdj_1t_90s,0.40700000000000003
3qdj_N1_1t_90s,0.353
3qdj_N2_1t_90s,0.37
3qdj_N3_1t_90s,0.363
3qdj_R1_1t_90s,0.365
3qdj_S1_1t_90s,0.363
3qdj_1t_80s,0.22
3qdj_N1_1t_80s,0.212
3qdj_N2_1t_80s,0.23800000000000002
3qdj_N3_1t_80s,0.214
3qdj_R1_1t_80s,0.231
3qdj_S1_1t_80s,0.214
3qdm_1t_99s,0.461
3qdm_N1_1t_99s,0.45799999999999996
3qdm_N2_1t_99s,0.483
3qdm_N3_1t_99s,0.456
3qdm_R1_1t_99s,0.473
3qdm_S1_1t_99s,0.484
3qdm_1t_95s,0.461
3qdm_N1_1t_95s,0.462
3qdm_N2_1t_95s,0.483
3qdm_N3_1t_95s,0.484
3qdm_R1_1t_95s,0.488
3qdm_S1_1t_95s,0.475
3qdm_1t_90s,0.385
3qdm_N1_1t_90s,0.35600000000000004
3qdm_N2_1t_90s,0.38799999999999996
3qdm_N3_1t_90s,0.37799999999999995
3qdm_R1_1t_90s,0.375
3qdm_S1_1t_90s,0.364
3qdm_1t_80s,0.312
3qdm_N1_1t_80s,0.294
3qdm_N2_1t_80s,0.313
3qdm_N3_1t_80s,0.311
3qdm_R1_1t_80s,0.319
3qdm_S1_1t_80s,0.293
3qeq_1t_99s,0.47700000000000004
3qeq_N1_1t_99s,0.484
3qeq_N2_1t_99s,0.475
3qeq_N3_1t_99s,0.45799999999999996
3qeq_R1_1t_99s,0.494
3qeq_S1_1t_99s,0.45899999999999996
3qeq_1t_95s,0.47700000000000004
3qeq_N1_1t_95s,0.48100000000000004
3qeq_N2_1t_95s,0.45799999999999996
3qeq_N3_1t_95s,0.473
3qeq_R1_1t_95s,0.493
3qeq_S1_1t_95s,0.49
3qeq_1t_90s,0.4
3qeq_N1_1t_90s,0.409
3qeq_N2_1t_90s,0.38299999999999995
3qeq_N3_1t_90s,0.382
3qeq_R1_1t_90s,0.397
3qeq_S1_1t_90s,0.386
3qeq_1t_80s,0.34600000000000003
3qeq_N1_1t_80s,0.33299999999999996
3qeq_N2_1t_80s,0.33299999999999996
3qeq_N3_1t_80s,0.36
3qeq_R1_1t_80s,0.341
3qeq_S1_1t_80s,0.327
3tfk_1t_99s,0.545
3tfk_N1_1t_99s,0.536
3tfk_N2_1t_99s,0.5329999999999999
3tfk_N3_1t_99s,0.53
3tfk_R1_1t_99s,0.532
3tfk_S1_1t_99s,0.508
3tfk_1t_95s,0.556
3tfk_N1_1t_95s,0.5529999999999999
3tfk_N2_1t_95s,0.555
3tfk_N3_1t_95s,0.532
3tfk_R1_1t_95s,0.524
3tfk_S1_1t_95s,0.517
3tfk_1t_90s,0.542
3tfk_N1_1t_90s,0.5529999999999999
3tfk_N2_1t_90s,0.555
3tfk_N3_1t_90s,0.532
3tfk_R1_1t_90s,0.524
3tfk_S1_1t_90s,0.517
3tfk_1t_80s,0.627
3tfk_N1_1t_80s,0.59
3tfk_N2_1t_80s,0.631
3tfk_N3_1t_80s,0.64
3tfk_R1_1t_80s,0.648
3tfk_S1_1t_80s,0.612
3tjh_1t_99s,0.196
3tjh_N1_1t_99s,0.19
3tjh_N2_1t_99s,0.18
3tjh_N3_1t_99s,0.183
3tjh_R1_1t_99s,0.19699999999999998
3tjh_S1_1t_99s,0.18899999999999997
3tjh_1t_95s,0.185
3tjh_N1_1t_95s,0.185
3tjh_N2_1t_95s,0.18899999999999997
3tjh_N3_1t_95s,0.184
3tjh_R1_1t_95s,0.187
3tjh_S1_1t_95s,0.17300000000000001
3tjh_1t_90s,0.185
3tjh_N1_1t_90s,0.185
3tjh_N2_1t_90s,0.18899999999999997
3tjh_N3_1t_90s,0.184
3tjh_R1_1t_90s,0.187
3tjh_S1_1t_90s,0.17300000000000001
3tjh_1t_80s,0.168
3tjh_N1_1t_80s,0.17800000000000002
3tjh_N2_1t_80s,0.17300000000000001
3tjh_N3_1t_80s,0.174
3tjh_R1_1t_80s,0.187
3tjh_S1_1t_80s,0.185
3uts_1t_99s,0.508
3uts_N1_1t_99s,0.522
3uts_N2_1t_99s,0.491
3uts_N3_1t_99s,0.519
3uts_R1_1t_99s,0.514
3uts_S1_1t_99s,0.51
3uts_1t_95s,0.534
3uts_N1_1t_95s,0.514
3uts_N2_1t_95s,0.504
3uts_N3_1t_95s,0.527
3uts_R1_1t_95s,0.53
3uts_S1_1t_95s,0.518
3uts_1t_90s,0.537
3uts_N1_1t_90s,0.521
3uts_N2_1t_90s,0.507
3uts_N3_1t_90s,0.539
3uts_R1_1t_90s,0.5379999999999999
3uts_S1_1t_90s,0.525
3uts_1t_80s,0.5529999999999999
3uts_N1_1t_80s,0.527
3uts_N2_1t_80s,0.51
3uts_N3_1t_80s,0.514
3uts_R1_1t_80s,0.51
3uts_S1_1t_80s,0.536
3utt_1t_99s,0.574
3utt_N1_1t_99s,0.5479999999999999
3utt_N2_1t_99s,0.5489999999999999
3utt_N3_1t_99s,0.536
3utt_R1_1t_99s,0.562
3utt_S1_1t_99s,0.619
3utt_1t_95s,0.6859999999999999
3utt_N1_1t_95s,0.6829999999999999
3utt_N2_1t_95s,0.701
3utt_N3_1t_95s,0.637
3utt_R1_1t_95s,0.7
3utt_S1_1t_95s,0.623
3utt_1t_90s,0.6920000000000001
3utt_N1_1t_90s,0.674
3utt_N2_1t_90s,0.705
3utt_N3_1t_90s,0.6609999999999999
3utt_R1_1t_90s,0.6970000000000001
3utt_S1_1t_90s,0.684
3utt_1t_80s,0.677
3utt_N1_1t_80s,0.636
3utt_N2_1t_80s,0.685
3utt_N3_1t_80s,0.715
3utt_R1_1t_80s,0.72
3utt_S1_1t_80s,0.711
3vxm_1t_99s,0.344
3vxm_N1_1t_99s,0.36200000000000004
3vxm_N2_1t_99s,0.326
3vxm_N3_1t_99s,0.299
3vxm_R1_1t_99s,0.315
3vxm_S1_1t_99s,0.307
3vxm_1t_95s,0.344
3vxm_N1_1t_95s,0.345
3vxm_N2_1t_95s,0.313
3vxm_N3_1t_95s,0.299
3vxm_R1_1t_95s,0.309
3vxm_S1_1t_95s,0.29600000000000004
3vxm_1t_90s,0.326
3vxm_N1_1t_90s,0.331
3vxm_N2_1t_90s,0.299
3vxm_N3_1t_90s,0.31
3vxm_R1_1t_90s,0.305
3vxm_S1_1t_90s,0.29100000000000004
3vxm_1t_80s,0.33799999999999997
3vxm_N1_1t_80s,0.34299999999999997
3vxm_N2_1t_80s,0.331
3vxm_N3_1t_80s,0.33899999999999997
3vxm_R1_1t_80s,0.331
3vxm_S1_1t_80s,0.326
3vxr_1t_99s,0.77
3vxr_N1_1t_99s,0.7290000000000001
3vxr_N2_1t_99s,0.762
3vxr_N3_1t_99s,0.755
3vxr_R1_1t_99s,0.726
3vxr_S1_1t_99s,0.727
3vxr_1t_95s,0.63
3vxr_N1_1t_95s,0.605
3vxr_N2_1t_95s,0.57
3vxr_N3_1t_95s,0.622
3vxr_R1_1t_95s,0.5760000000000001
3vxr_S1_1t_95s,0.597
3vxr_1t_90s,0.628
3vxr_N1_1t_90s,0.614
3vxr_N2_1t_90s,0.621
3vxr_N3_1t_90s,0.581
3vxr_R1_1t_90s,0.599
3vxr_S1_1t_90s,0.612
3vxr_1t_80s,0.384
3vxr_N1_1t_80s,0.381
3vxr_N2_1t_80s,0.382
3vxr_N3_1t_80s,0.373
3vxr_R1_1t_80s,0.377
3vxr_S1_1t_80s,0.376
3vxs_1t_99s,0.765
3vxs_N1_1t_99s,0.7709999999999999
3vxs_N2_1t_99s,0.742
3vxs_N3_1t_99s,0.732
3vxs_R1_1t_99s,0.7140000000000001
3vxs_S1_1t_99s,0.731
3vxs_1t_95s,0.625
3vxs_N1_1t_95s,0.606
3vxs_N2_1t_95s,0.627
3vxs_N3_1t_95s,0.6
3vxs_R1_1t_95s,0.5820000000000001
3vxs_S1_1t_95s,0.5870000000000001
3vxs_1t_90s,0.597
3vxs_N1_1t_90s,0.611
3vxs_N2_1t_90s,0.612
3vxs_N3_1t_90s,0.598
3vxs_R1_1t_90s,0.6
3vxs_S1_1t_90s,0.594
3vxs_1t_80s,0.377
3vxs_N1_1t_80s,0.366
3vxs_N2_1t_80s,0.377
3vxs_N3_1t_80s,0.37200000000000005
3vxs_R1_1t_80s,0.379
3vxs_S1_1t_80s,0.373
3w0w_1t_99s,0.256
3w0w_N1_1t_99s,0.253
3w0w_N2_1t_99s,0.248
3w0w_N3_1t_99s,0.276
3w0w_R1_1t_99s,0.245
3w0w_S1_1t_99s,0.253
3w0w_1t_95s,0.243
3w0w_N1_1t_95s,0.253
3w0w_N2_1t_95s,0.248
3w0w_N3_1t_95s,0.276
3w0w_R1_1t_95s,0.245
3w0w_S1_1t_95s,0.253
3w0w_1t_90s,0.26
3w0w_N1_1t_90s,0.249
3w0w_N2_1t_90s,0.251
3w0w_N3_1t_90s,0.261
3w0w_R1_1t_90s,0.237
3w0w_S1_1t_90s,0.268
3w0w_1t_80s,0.257
3w0w_N1_1t_80s,0.27
3w0w_N2_1t_80s,0.264
3w0w_N3_1t_80s,0.272
3w0w_R1_1t_80s,0.26
3w0w_S1_1t_80s,0.272
4eup_1t_99s,0.484
4eup_N1_1t_99s,0.48200000000000004
4eup_N2_1t_99s,0.485
4eup_N3_1t_99s,0.48100000000000004
4eup_R1_1t_99s,0.502
4eup_S1_1t_99s,0.47100000000000003
4eup_1t_95s,0.484
4eup_N1_1t_95s,0.48200000000000004
4eup_N2_1t_95s,0.485
4eup_N3_1t_95s,0.48100000000000004
4eup_R1_1t_95s,0.502
4eup_S1_1t_95s,0.47100000000000003
4eup_1t_90s,0.49700000000000005
4eup_N1_1t_90s,0.503
4eup_N2_1t_90s,0.496
4eup_N3_1t_90s,0.508
4eup_R1_1t_90s,0.49700000000000005
4eup_S1_1t_90s,0.494
4eup_1t_80s,0.48700000000000004
4eup_N1_1t_80s,0.47200000000000003
4eup_N2_1t_80s,0.473
4eup_N3_1t_80s,0.47100000000000003
4eup_R1_1t_80s,0.478
4eup_S1_1t_80s,0.45299999999999996
4g8g_1t_99s,0.311
4g8g_N1_1t_99s,0.298
4g8g_N2_1t_99s,0.28300000000000003
4g8g_N3_1t_99s,0.32799999999999996
4g8g_R1_1t_99s,0.309
4g8g_S1_1t_99s,0.304
4g8g_1t_95s,0.314
4g8g_N1_1t_95s,0.312
4g8g_N2_1t_95s,0.299
4g8g_N3_1t_95s,0.29600000000000004
4g8g_R1_1t_95s,0.285
4g8g_S1_1t_95s,0.285
4g8g_1t_90s,0.292
4g8g_N1_1t_90s,0.309
4g8g_N2_1t_90s,0.295
4g8g_N3_1t_90s,0.295
4g8g_R1_1t_90s,0.315
4g8g_S1_1t_90s,0.317
4g8g_1t_80s,0.315
4g8g_N1_1t_80s,0.326
4g8g_N2_1t_80s,0.29
4g8g_N3_1t_80s,0.331
4g8g_R1_1t_80s,0.325
4g8g_S1_1t_80s,0.313
4jfd_1t_99s,0.40399999999999997
4jfd_N1_1t_99s,0.41
4jfd_N2_1t_99s,0.408
4jfd_N3_1t_99s,0.41
4jfd_R1_1t_99s,0.415
4jfd_S1_1t_99s,0.41
4jfd_1t_95s,0.7140000000000001
4jfd_N1_1t_95s,0.7120000000000001
4jfd_N2_1t_95s,0.715
4jfd_N3_1t_95s,0.723
4jfd_R1_1t_95s,0.7040000000000001
4jfd_S1_1t_95s,0.703
4jfd_1t_90s,0.34600000000000003
4jfd_N1_1t_90s,0.35200000000000004
4jfd_N2_1t_90s,0.359
4jfd_N3_1t_90s,0.355
4jfd_R1_1t_90s,0.345
4jfd_S1_1t_90s,0.358
4jfd_1t_80s,0.303
4jfd_N1_1t_80s,0.293
4jfd_N2_1t_80s,0.301
4jfd_N3_1t_80s,0.3
4jfd_R1_1t_80s,0.3
4jfd_S1_1t_80s,0.317
4jfe_1t_99s,0.7979999999999999
4jfe_N1_1t_99s,0.7609999999999999
4jfe_N2_1t_99s,0.768
4jfe_N3_1t_99s,0.777
4jfe_R1_1t_99s,0.7859999999999999
4jfe_S1_1t_99s,0.805
4jfe_1t_95s,0.7240000000000001
4jfe_N1_1t_95s,0.708
4jfe_N2_1t_95s,0.708
4jfe_N3_1t_95s,0.721
4jfe_R1_1t_95s,0.7240000000000001
4jfe_S1_1t_95s,0.7170000000000001
4jfe_1t_90s,0.591
4jfe_N1_1t_90s,0.584
4jfe_N2_1t_90s,0.589
4jfe_N3_1t_90s,0.591
4jfe_R1_1t_90s,0.5920000000000001
4jfe_S1_1t_90s,0.598
4jfe_1t_80s,0.505
4jfe_N1_1t_80s,0.47700000000000004
4jfe_N2_1t_80s,0.465
4jfe_N3_1t_80s,0.496
4jfe_R1_1t_80s,0.48700000000000004
4jfe_S1_1t_80s,0.515
4jff_1t_99s,0.379
4jff_N1_1t_99s,0.4
4jff_N2_1t_99s,0.414
4jff_N3_1t_99s,0.396
4jff_R1_1t_99s,0.387
4jff_S1_1t_99s,0.37799999999999995
4jff_1t_95s,0.718
4jff_N1_1t_95s,0.723
4jff_N2_1t_95s,0.725
4jff_N3_1t_95s,0.7240000000000001
4jff_R1_1t_95s,0.711
4jff_S1_1t_95s,0.6920000000000001
4jff_1t_90s,0.34
4jff_N1_1t_90s,0.349
4jff_N2_1t_90s,0.36700000000000005
4jff_N3_1t_90s,0.355
4jff_R1_1t_90s,0.348
4jff_S1_1t_90s,0.332
4jff_1t_80s,0.302
4jff_N1_1t_80s,0.302
4jff_N2_1t_80s,0.313
4jff_N3_1t_80s,0.319
4jff_R1_1t_80s,0.299
4jff_S1_1t_80s,0.29600000000000004
4l3e_1t_99s,0.77
4l3e_N1_1t_99s,0.8140000000000001
4l3e_N2_1t_99s,0.787
4l3e_N3_1t_99s,0.768
4l3e_R1_1t_99s,0.757
4l3e_S1_1t_99s,0.774
4l3e_1t_95s,0.266
4l3e_N1_1t_95s,0.281
4l3e_N2_1t_95s,0.272
4l3e_N3_1t_95s,0.284
4l3e_R1_1t_95s,0.26899999999999996
4l3e_S1_1t_95s,0.281
4l3e_1t_90s,0.442
4l3e_N1_1t_90s,0.396
4l3e_N2_1t_90s,0.42200000000000004
4l3e_N3_1t_90s,0.433
4l3e_R1_1t_90s,0.434
4l3e_S1_1t_90s,0.43700000000000006
4l3e_1t_80s,0.28600000000000003
4l3e_N1_1t_80s,0.27
4l3e_N2_1t_80s,0.294
4l3e_N3_1t_80s,0.299
4l3e_R1_1t_80s,0.259
4l3e_S1_1t_80s,0.307
4mji_1t_99s,0.34299999999999997
4mji_N1_1t_99s,0.358
4mji_N2_1t_99s,0.355
4mji_N3_1t_99s,0.397
4mji_R1_1t_99s,0.364
4mji_S1_1t_99s,0.37200000000000005
4mji_1t_95s,0.348
4mji_N1_1t_95s,0.366
4mji_N2_1t_95s,0.36700000000000005
4mji_N3_1t_95s,0.38299999999999995
4mji_R1_1t_95s,0.33899999999999997
4mji_S1_1t_95s,0.381
4mji_1t_90s,0.308
4mji_N1_1t_90s,0.32299999999999995
4mji_N2_1t_90s,0.306
4mji_N3_1t_90s,0.34
4mji_R1_1t_90s,0.297
4mji_S1_1t_90s,0.309
4mji_1t_80s,0.322
4mji_N1_1t_80s,0.304
4mji_N2_1t_80s,0.28800000000000003
4mji_N3_1t_80s,0.315
4mji_R1_1t_80s,0.31
4mji_S1_1t_80s,0.326
4mnq_1t_99s,0.6990000000000001
4mnq_N1_1t_99s,0.6759999999999999
4mnq_N2_1t_99s,0.6779999999999999
4mnq_N3_1t_99s,0.6859999999999999
4mnq_R1_1t_99s,0.693
4mnq_S1_1t_99s,0.693
4mnq_1t_95s,0.317
4mnq_N1_1t_95s,0.29600000000000004
4mnq_N2_1t_95s,0.32299999999999995
4mnq_N3_1t_95s,0.301
4mnq_R1_1t_95s,0.319
4mnq_S1_1t_95s,0.335
4mnq_1t_90s,0.28300000000000003
4mnq_N1_1t_90s,0.27399999999999997
4mnq_N2_1t_90s,0.293
4mnq_N3_1t_90s,0.294
4mnq_R1_1t_90s,0.295
4mnq_S1_1t_90s,0.304
4mnq_1t_80s,0.203
4mnq_N1_1t_80s,0.21600000000000003
4mnq_N2_1t_80s,0.22699999999999998
4mnq_N3_1t_80s,0.22699999999999998
4mnq_R1_1t_80s,0.243
4mnq_S1_1t_80s,0.23
4mxq_1t_99s,0.782
4mxq_N1_1t_99s,0.693
4mxq_N2_1t_99s,0.7559999999999999
4mxq_N3_1t_99s,0.757
4mxq_R1_1t_99s,0.7609999999999999
4mxq_S1_1t_99s,0.6970000000000001
4mxq_1t_95s,0.713
4mxq_N1_1t_95s,0.677
4mxq_N2_1t_95s,0.71
4mxq_N3_1t_95s,0.7140000000000001
4mxq_R1_1t_95s,0.7240000000000001
4mxq_S1_1t_95s,0.6679999999999999
4mxq_1t_90s,0.713
4mxq_N1_1t_90s,0.677
4mxq_N2_1t_90s,0.71
4mxq_N3_1t_90s,0.7140000000000001
4mxq_R1_1t_90s,0.7240000000000001
4mxq_S1_1t_90s,0.6679999999999999
4mxq_1t_80s,0.731
4mxq_N1_1t_80s,0.679
4mxq_N2_1t_80s,0.757
4mxq_N3_1t_80s,0.723
4mxq_R1_1t_80s,0.721
4mxq_S1_1t_80s,0.6709999999999999
4prp_1t_99s,0.855
4prp_N1_1t_99s,0.818
4prp_N2_1t_99s,0.816
4prp_N3_1t_99s,0.779
4prp_R1_1t_99s,0.82
4prp_S1_1t_99s,0.7290000000000001
4prp_1t_95s,0.258
4prp_N1_1t_95s,0.248
4prp_N2_1t_95s,0.23
4prp_N3_1t_95s,0.24600000000000002
4prp_R1_1t_95s,0.228
4prp_S1_1t_95s,0.22899999999999998
4prp_1t_90s,0.251
4prp_N1_1t_90s,0.257
4prp_N2_1t_90s,0.22699999999999998
4prp_N3_1t_90s,0.253
4prp_R1_1t_90s,0.253
4prp_S1_1t_90s,0.24
4prp_1t_80s,0.251
4prp_N1_1t_80s,0.257
4prp_N2_1t_80s,0.22699999999999998
4prp_N3_1t_80s,0.253
4prp_R1_1t_80s,0.253
4prp_S1_1t_80s,0.24
4qok_1t_99s,0.736
4qok_N1_1t_99s,0.745
4qok_N2_1t_99s,0.7559999999999999
4qok_N3_1t_99s,0.753
4qok_R1_1t_99s,0.736
4qok_S1_1t_99s,0.7509999999999999
4qok_1t_95s,0.711
4qok_N1_1t_95s,0.6759999999999999
4qok_N2_1t_95s,0.6920000000000001
4qok_N3_1t_95s,0.703
4qok_R1_1t_95s,0.677
4qok_S1_1t_95s,0.7070000000000001
4qok_1t_90s,0.33299999999999996
4qok_N1_1t_90s,0.301
4qok_N2_1t_90s,0.327
4qok_N3_1t_90s,0.3
4qok_R1_1t_90s,0.317
4qok_S1_1t_90s,0.306
4qok_1t_80s,0.28800000000000003
4qok_N1_1t_80s,0.289
4qok_N2_1t_80s,0.307
4qok_N3_1t_80s,0.27899999999999997
4qok_R1_1t_80s,0.284
4qok_S1_1t_80s,0.301
4qrp_1t_99s,0.29100000000000004
4qrp_N1_1t_99s,0.29600000000000004
4qrp_N2_1t_99s,0.275
4qrp_N3_1t_99s,0.28800000000000003
4qrp_R1_1t_99s,0.275
4qrp_S1_1t_99s,0.28
4qrp_1t_95s,0.281
4qrp_N1_1t_95s,0.289
4qrp_N2_1t_95s,0.287
4qrp_N3_1t_95s,0.289
4qrp_R1_1t_95s,0.262
4qrp_S1_1t_95s,0.272
4qrp_1t_90s,0.281
4qrp_N1_1t_90s,0.289
4qrp_N2_1t_90s,0.287
4qrp_N3_1t_90s,0.289
4qrp_R1_1t_90s,0.262
4qrp_S1_1t_90s,0.272
4qrp_1t_80s,0.306
4qrp_N1_1t_80s,0.285
4qrp_N2_1t_80s,0.26899999999999996
4qrp_N3_1t_80s,0.295
4qrp_R1_1t_80s,0.271
4qrp_S1_1t_80s,0.282
5brz_1t_99s,0.614
5brz_N1_1t_99s,0.659
5brz_N2_1t_99s,0.625
5brz_N3_1t_99s,0.613
5brz_R1_1t_99s,0.633
5brz_S1_1t_99s,0.617
5brz_1t_95s,0.614
5brz_N1_1t_95s,0.659
5brz_N2_1t_95s,0.625
5brz_N3_1t_95s,0.613
5brz_R1_1t_95s,0.633
5brz_S1_1t_95s,0.617
5brz_1t_90s,0.634
5brz_N1_1t_90s,0.653
5brz_N2_1t_90s,0.634
5brz_N3_1t_90s,0.623
5brz_R1_1t_90s,0.633
5brz_S1_1t_90s,0.642
5brz_1t_80s,0.114
5brz_N1_1t_80s,0.113
5brz_N2_1t_80s,0.114
5brz_N3_1t_80s,0.111
5brz_R1_1t_80s,0.115
5brz_S1_1t_80s,0.11199999999999999
5bs0_1t_99s,0.621
5bs0_N1_1t_99s,0.62
5bs0_N2_1t_99s,0.648
5bs0_N3_1t_99s,0.614
5bs0_R1_1t_99s,0.625
5bs0_S1_1t_99s,0.62
5bs0_1t_95s,0.621
5bs0_N1_1t_95s,0.62
5bs0_N2_1t_95s,0.648
5bs0_N3_1t_95s,0.614
5bs0_R1_1t_95s,0.625
5bs0_S1_1t_95s,0.621
5bs0_1t_90s,0.603
5bs0_N1_1t_90s,0.615
5bs0_N2_1t_90s,0.615
5bs0_N3_1t_90s,0.58
5bs0_R1_1t_90s,0.607
5bs0_S1_1t_90s,0.602
5bs0_1t_80s,0.129
5bs0_N1_1t_80s,0.12300000000000001
5bs0_N2_1t_80s,0.124
5bs0_N3_1t_80s,0.128
5bs0_R1_1t_80s,0.125
5bs0_S1_1t_80s,0.133
5c0a_1t_99s,0.596
5c0a_N1_1t_99s,0.547
5c0a_N2_1t_99s,0.563
5c0a_N3_1t_99s,0.57
5c0a_R1_1t_99s,0.575
5c0a_S1_1t_99s,0.525
5c0a_1t_95s,0.612
5c0a_N1_1t_95s,0.574
5c0a_N2_1t_95s,0.5720000000000001
5c0a_N3_1t_95s,0.565
5c0a_R1_1t_95s,0.588
5c0a_S1_1t_95s,0.545
5c0a_1t_90s,0.612
5c0a_N1_1t_90s,0.574
5c0a_N2_1t_90s,0.5720000000000001
5c0a_N3_1t_90s,0.565
5c0a_R1_1t_90s,0.588
5c0a_S1_1t_90s,0.545
5c0a_1t_80s,0.532
5c0a_N1_1t_80s,0.561
5c0a_N2_1t_80s,0.57
5c0a_N3_1t_80s,0.588
5c0a_R1_1t_80s,0.597
5c0a_S1_1t_80s,0.5539999999999999
5c0b_1t_99s,0.539
5c0b_N1_1t_99s,0.5670000000000001
5c0b_N2_1t_99s,0.551
5c0b_N3_1t_99s,0.5429999999999999
5c0b_R1_1t_99s,0.545
5c0b_S1_1t_99s,0.54
5c0b_1t_95s,0.545
5c0b_N1_1t_95s,0.547
5c0b_N2_1t_95s,0.569
5c0b_N3_1t_95s,0.542
5c0b_R1_1t_95s,0.579
5c0b_S1_1t_95s,0.54
5c0b_1t_90s,0.545
5c0b_N1_1t_90s,0.547
5c0b_N2_1t_90s,0.569
5c0b_N3_1t_90s,0.542
5c0b_R1_1t_90s,0.579
5c0b_S1_1t_90s,0.54
5c0b_1t_80s,0.5379999999999999
5c0b_N1_1t_80s,0.48700000000000004
5c0b_N2_1t_80s,0.508
5c0b_N3_1t_80s,0.496
5c0b_R1_1t_80s,0.519
5c0b_S1_1t_80s,0.515
5c0c_1t_99s,0.5429999999999999
5c0c_N1_1t_99s,0.529
5c0c_N2_1t_99s,0.52
5c0c_N3_1t_99s,0.5479999999999999
5c0c_R1_1t_99s,0.515
5c0c_S1_1t_99s,0.517
5c0c_1t_95s,0.53
5c0c_N1_1t_95s,0.523
5c0c_N2_1t_95s,0.502
5c0c_N3_1t_95s,0.5379999999999999
5c0c_R1_1t_95s,0.511
5c0c_S1_1t_95s,0.504
5c0c_1t_90s,0.53
5c0c_N1_1t_90s,0.523
5c0c_N2_1t_90s,0.502
5c0c_N3_1t_90s,0.5379999999999999
5c0c_R1_1t_90s,0.511
5c0c_S1_1t_90s,0.504
5c0c_1t_80s,0.469
5c0c_N1_1t_80s,0.491
5c0c_N2_1t_80s,0.5
5c0c_N3_1t_80s,0.47
5c0c_R1_1t_80s,0.475
5c0c_S1_1t_80s,0.493
5c07_1t_99s,0.574
5c07_N1_1t_99s,0.516
5c07_N2_1t_99s,0.536
5c07_N3_1t_99s,0.556
5c07_R1_1t_99s,0.524
5c07_S1_1t_99s,0.532
5c07_1t_95s,0.574
5c07_N1_1t_95s,0.516
5c07_N2_1t_95s,0.536
5c07_N3_1t_95s,0.556
5c07_R1_1t_95s,0.524
5c07_S1_1t_95s,0.532
5c07_1t_90s,0.574
5c07_N1_1t_90s,0.516
5c07_N2_1t_90s,0.536
5c07_N3_1t_90s,0.556
5c07_R1_1t_90s,0.524
5c07_S1_1t_90s,0.532
5c07_1t_80s,0.491
5c07_N1_1t_80s,0.48
5c07_N2_1t_80s,0.46
5c07_N3_1t_80s,0.48200000000000004
5c07_R1_1t_80s,0.48200000000000004
5c07_S1_1t_80s,0.485
5c08_1t_99s,0.645
5c08_N1_1t_99s,0.647
5c08_N2_1t_99s,0.675
5c08_N3_1t_99s,0.65
5c08_R1_1t_99s,0.644
5c08_S1_1t_99s,0.6990000000000001
5c08_1t_95s,0.7340000000000001
5c08_N1_1t_95s,0.67
5c08_N2_1t_95s,0.72
5c08_N3_1t_95s,0.6859999999999999
5c08_R1_1t_95s,0.708
5c08_S1_1t_95s,0.688
5c08_1t_90s,0.7340000000000001
5c08_N1_1t_90s,0.67
5c08_N2_1t_90s,0.72
5c08_N3_1t_90s,0.6859999999999999
5c08_R1_1t_90s,0.708
5c08_S1_1t_90s,0.688
5c08_1t_80s,0.7070000000000001
5c08_N1_1t_80s,0.6940000000000001
5c08_N2_1t_80s,0.68
5c08_N3_1t_80s,0.6890000000000001
5c08_R1_1t_80s,0.682
5c08_S1_1t_80s,0.716
5c09_1t_99s,0.691
5c09_N1_1t_99s,0.6920000000000001
5c09_N2_1t_99s,0.672
5c09_N3_1t_99s,0.713
5c09_R1_1t_99s,0.6890000000000001
5c09_S1_1t_99s,0.721
5c09_1t_95s,0.691
5c09_N1_1t_95s,0.715
5c09_N2_1t_95s,0.6679999999999999
5c09_N3_1t_95s,0.726
5c09_R1_1t_95s,0.6829999999999999
5c09_S1_1t_95s,0.6920000000000001
5c09_1t_90s,0.691
5c09_N1_1t_90s,0.715
5c09_N2_1t_90s,0.6679999999999999
5c09_N3_1t_90s,0.726
5c09_R1_1t_90s,0.6829999999999999
5c09_S1_1t_90s,0.6920000000000001
5c09_1t_80s,0.75
5c09_N1_1t_80s,0.718
5c09_N2_1t_80s,0.6779999999999999
5c09_N3_1t_80s,0.6779999999999999
5c09_R1_1t_80s,0.7390000000000001
5c09_S1_1t_80s,0.716
5d2n_1t_99s,0.319
5d2n_N1_1t_99s,0.335
5d2n_N2_1t_99s,0.34600000000000003
5d2n_N3_1t_99s,0.301
5d2n_R1_1t_99s,0.34700000000000003
5d2n_S1_1t_99s,0.297
5d2n_1t_95s,0.326
5d2n_N1_1t_95s,0.32799999999999996
5d2n_N2_1t_95s,0.344
5d2n_N3_1t_95s,0.319
5d2n_R1_1t_95s,0.34600000000000003
5d2n_S1_1t_95s,0.303
5d2n_1t_90s,0.319
5d2n_N1_1t_90s,0.33399999999999996
5d2n_N2_1t_90s,0.32799999999999996
5d2n_N3_1t_90s,0.32799999999999996
5d2n_R1_1t_90s,0.344
5d2n_S1_1t_90s,0.299
5d2n_1t_80s,0.34600000000000003
5d2n_N1_1t_80s,0.33899999999999997
5d2n_N2_1t_80s,0.314
5d2n_N3_1t_80s,0.335
5d2n_R1_1t_80s,0.325
5d2n_S1_1t_80s,0.295
5e9d_1t_99s,0.389
5e9d_N1_1t_99s,0.4
5e9d_N2_1t_99s,0.43200000000000005
5e9d_N3_1t_99s,0.418
5e9d_R1_1t_99s,0.431
5e9d_S1_1t_99s,0.418
5e9d_1t_95s,0.436
5e9d_N1_1t_95s,0.4
5e9d_N2_1t_95s,0.43200000000000005
5e9d_N3_1t_95s,0.41
5e9d_R1_1t_95s,0.41100000000000003
5e9d_S1_1t_95s,0.431
5e9d_1t_90s,0.32799999999999996
5e9d_N1_1t_90s,0.359
5e9d_N2_1t_90s,0.344
5e9d_N3_1t_90s,0.38799999999999996
5e9d_R1_1t_90s,0.313
5e9d_S1_1t_90s,0.35200000000000004
5e9d_1t_80s,0.23399999999999999
5e9d_N1_1t_80s,0.257
5e9d_N2_1t_80s,0.266
5e9d_N3_1t_80s,0.24600000000000002
5e9d_R1_1t_80s,0.251
5e9d_S1_1t_80s,0.24100000000000002
5eu6_1t_99s,0.39399999999999996
5eu6_N1_1t_99s,0.396
5eu6_N2_1t_99s,0.386
5eu6_N3_1t_99s,0.375
5eu6_R1_1t_99s,0.387
5eu6_S1_1t_99s,0.38299999999999995
5eu6_1t_95s,0.374
5eu6_N1_1t_95s,0.40399999999999997
5eu6_N2_1t_95s,0.409
5eu6_N3_1t_95s,0.384
5eu6_R1_1t_95s,0.391
5eu6_S1_1t_95s,0.387
5eu6_1t_90s,0.33399999999999996
5eu6_N1_1t_90s,0.359
5eu6_N2_1t_90s,0.361
5eu6_N3_1t_90s,0.35600000000000004
5eu6_R1_1t_90s,0.35700000000000004
5eu6_S1_1t_90s,0.373
5eu6_1t_80s,0.127
5eu6_N1_1t_80s,0.13699999999999998
5eu6_N2_1t_80s,0.126
5eu6_N3_1t_80s,0.132
5eu6_R1_1t_80s,0.134
5eu6_S1_1t_80s,0.138
5euo_1t_99s,0.78
5euo_N1_1t_99s,0.76
5euo_N2_1t_99s,0.725
5euo_N3_1t_99s,0.731
5euo_R1_1t_99s,0.763
5euo_S1_1t_99s,0.7509999999999999
5euo_1t_95s,0.7759999999999999
5euo_N1_1t_95s,0.7859999999999999
5euo_N2_1t_95s,0.7879999999999999
5euo_N3_1t_95s,0.792
5euo_R1_1t_95s,0.7759999999999999
5euo_S1_1t_95s,0.733
5euo_1t_90s,0.361
5euo_N1_1t_90s,0.34700000000000003
5euo_N2_1t_90s,0.353
5euo_N3_1t_90s,0.363
5euo_R1_1t_90s,0.375
5euo_S1_1t_90s,0.365
5euo_1t_80s,0.249
5euo_N1_1t_80s,0.26
5euo_N2_1t_80s,0.247
5euo_N3_1t_80s,0.26
5euo_R1_1t_80s,0.267
5euo_S1_1t_80s,0.281
5hhm_1t_99s,0.93
5hhm_N1_1t_99s,0.904
5hhm_N2_1t_99s,0.8809999999999999
5hhm_N3_1t_99s,0.9079999999999999
5hhm_R1_1t_99s,0.9179999999999999
5hhm_S1_1t_99s,0.888
5hhm_1t_95s,0.826
5hhm_N1_1t_95s,0.8490000000000001
5hhm_N2_1t_95s,0.841
5hhm_N3_1t_95s,0.8109999999999999
5hhm_R1_1t_95s,0.8270000000000001
5hhm_S1_1t_95s,0.8190000000000001
5hhm_1t_90s,0.284
5hhm_N1_1t_90s,0.295
5hhm_N2_1t_90s,0.311
5hhm_N3_1t_90s,0.284
5hhm_R1_1t_90s,0.27899999999999997
5hhm_S1_1t_90s,0.298
5hhm_1t_80s,0.251
5hhm_N1_1t_80s,0.259
5hhm_N2_1t_80s,0.231
5hhm_N3_1t_80s,0.245
5hhm_R1_1t_80s,0.23800000000000002
5hhm_S1_1t_80s,0.259
5hho_1t_99s,0.8909999999999999
5hho_N1_1t_99s,0.847
5hho_N2_1t_99s,0.905
5hho_N3_1t_99s,0.86
5hho_R1_1t_99s,0.8759999999999999
5hho_S1_1t_99s,0.866
5hho_1t_95s,0.855
5hho_N1_1t_95s,0.895
5hho_N2_1t_95s,0.875
5hho_N3_1t_95s,0.8390000000000001
5hho_R1_1t_95s,0.887
5hho_S1_1t_95s,0.887
5hho_1t_90s,0.29600000000000004
5hho_N1_1t_90s,0.325
5hho_N2_1t_90s,0.302
5hho_N3_1t_90s,0.301
5hho_R1_1t_90s,0.297
5hho_S1_1t_90s,0.306
5hho_1t_80s,0.25
5hho_N1_1t_80s,0.252
5hho_N2_1t_80s,0.249
5hho_N3_1t_80s,0.25
5hho_R1_1t_80s,0.235
5hho_S1_1t_80s,0.244
5men_1t_99s,0.691
5men_N1_1t_99s,0.691
5men_N2_1t_99s,0.664
5men_N3_1t_99s,0.685
5men_R1_1t_99s,0.6809999999999999
5men_S1_1t_99s,0.6920000000000001
5men_1t_95s,0.295
5men_N1_1t_95s,0.299
5men_N2_1t_95s,0.29600000000000004
5men_N3_1t_95s,0.281
5men_R1_1t_95s,0.26
5men_S1_1t_95s,0.312
5men_1t_90s,0.28600000000000003
5men_N1_1t_90s,0.27399999999999997
5men_N2_1t_90s,0.322
5men_N3_1t_90s,0.27
5men_R1_1t_90s,0.292
5men_S1_1t_90s,0.322
5men_1t_80s,0.25
5men_N1_1t_80s,0.22
5men_N2_1t_80s,0.222
5men_N3_1t_80s,0.217
5men_R1_1t_80s,0.239
5men_S1_1t_80s,0.231